{"type":"FeatureCollection","features":[{"type":"Feature","id":"a_grenzmauer.1","geometry":{"type":"LineString","coordinates":[[13.07987855,52.42349708],[13.08007352,52.42382478],[13.07952152,52.42392854],[13.0780834,52.42454566],[13.07726106,52.42480659],[13.07587051,52.42528165],[13.07524885,52.42555013]]},"geometry_name":"geom","properties":{"gisid":1,"objekt":"Vorderlandmauer"},"bbox":[13.07524885,52.42349708,13.08007352,52.42555013],"__layer":"a_grenzmauer"},{"type":"Feature","id":"a_grenzmauer.2","geometry":{"type":"LineString","coordinates":[[13.21564411,52.62944107],[13.21628862,52.62920193],[13.21647827,52.62912212],[13.21639842,52.62816585],[13.21616741,52.62727505],[13.21559512,52.62591379],[13.21530839,52.62529788],[13.21402347,52.62249243],[13.21392173,52.62233501],[13.21390397,52.6221555],[13.21348205,52.62178185],[13.2100564,52.6185173],[13.2088136,52.61780093],[13.20799328,52.61739348],[13.20680124,52.61693617],[13.20571417,52.61662486],[13.20481306,52.61633038]]},"geometry_name":"geom","properties":{"gisid":2,"objekt":"Vorderlandmauer"},"bbox":[13.20481306,52.61633038,13.21647827,52.62944107],"__layer":"a_grenzmauer"},{"type":"Feature","id":"a_grenzmauer.3","geometry":{"type":"LineString","coordinates":[[13.38998351,52.50777548],[13.39000587,52.5076498]]},"geometry_name":"geom","properties":{"gisid":3,"objekt":"Vorderlandmauer"},"bbox":[13.38998351,52.5076498,13.39000587,52.50777548],"__layer":"a_grenzmauer"},{"type":"Feature","id":"a_grenzmauer.5","geometry":{"type":"LineString","coordinates":[[13.39065638,52.50767757],[13.39063395,52.50781648]]},"geometry_name":"geom","properties":{"gisid":5,"objekt":"Vorderlandmauer"},"bbox":[13.39063395,52.50767757,13.39065638,52.50781648],"__layer":"a_grenzmauer"},{"type":"Feature","id":"a_grenzmauer.7","geometry":{"type":"LineString","coordinates":[[13.41178215,52.5052431],[13.41156657,52.50497804]]},"geometry_name":"geom","properties":{"gisid":7,"objekt":"Vorderlandmauer"},"bbox":[13.41156657,52.50497804,13.41178215,52.5052431],"__layer":"a_grenzmauer"},{"type":"Feature","id":"a_grenzmauer.8","geometry":{"type":"LineString","coordinates":[[13.41185999,52.50484623],[13.41208619,52.50515764]]},"geometry_name":"geom","properties":{"gisid":8,"objekt":"Vorderlandmauer"},"bbox":[13.41185999,52.50484623,13.41208619,52.50515764],"__layer":"a_grenzmauer"},{"type":"Feature","id":"a_grenzmauer.10","geometry":{"type":"LineString","coordinates":[[13.44587566,52.50168334],[13.44520705,52.50116233]]},"geometry_name":"geom","properties":{"gisid":10,"objekt":"Vorderlandmauer"},"bbox":[13.44520705,52.50116233,13.44587566,52.50168334],"__layer":"a_grenzmauer"},{"type":"Feature","id":"a_grenzmauer.11","geometry":{"type":"LineString","coordinates":[[13.45607269,52.49797221],[13.45199048,52.49917495]]},"geometry_name":"geom","properties":{"gisid":11,"objekt":"Vorderlandmauer"},"bbox":[13.45199048,52.49797221,13.45607269,52.49917495],"__layer":"a_grenzmauer"},{"type":"Feature","id":"a_grenzmauer.12","geometry":{"type":"LineString","coordinates":[[13.45199048,52.49917495],[13.44953847,52.50014631],[13.4475637,52.50090605],[13.44587566,52.50168334]]},"geometry_name":"geom","properties":{"gisid":12,"objekt":"Unterwassergrenze"},"bbox":[13.44587566,52.49917495,13.45199048,52.50168334],"__layer":"a_grenzmauer"},{"type":"Feature","id":"a_grenzmauer.13","geometry":{"type":"LineString","coordinates":[[13.45607269,52.49797221],[13.45838178,52.49733562]]},"geometry_name":"geom","properties":{"gisid":13,"objekt":"Vorderlandmauer"},"bbox":[13.45607269,52.49733562,13.45838178,52.49797221],"__layer":"a_grenzmauer"},{"type":"Feature","id":"a_grenzmauer.15","geometry":{"type":"LineString","coordinates":[[13.47719097,52.46193311],[13.47814029,52.46162774]]},"geometry_name":"geom","properties":{"gisid":15,"objekt":"Vorderlandmauer"},"bbox":[13.47719097,52.46162774,13.47814029,52.46193311],"__layer":"a_grenzmauer"},{"type":"Feature","id":"a_grenzmauer.16","geometry":{"type":"LineString","coordinates":[[13.47839861,52.46189559],[13.47744355,52.46221993]]},"geometry_name":"geom","properties":{"gisid":16,"objekt":"Vorderlandmauer"},"bbox":[13.47744355,52.46189559,13.47839861,52.46221993],"__layer":"a_grenzmauer"},{"type":"Feature","id":"a_grenzmauer.17","geometry":{"type":"LineString","coordinates":[[13.51409069,52.4012864],[13.51603976,52.40177466]]},"geometry_name":"geom","properties":{"gisid":17,"objekt":"Vorderlandmauer"},"bbox":[13.51409069,52.4012864,13.51603976,52.40177466],"__layer":"a_grenzmauer"},{"type":"Feature","id":"a_grenzmauer.18","geometry":{"type":"LineString","coordinates":[[13.40987908,52.37656528],[13.41259352,52.37639912]]},"geometry_name":"geom","properties":{"gisid":18,"objekt":"Vorderlandmauer"},"bbox":[13.40987908,52.37639912,13.41259352,52.37656528],"__layer":"a_grenzmauer"},{"type":"Feature","id":"a_grenzmauer.19","geometry":{"type":"LineString","coordinates":[[13.34190357,52.41119755],[13.34213377,52.41122158],[13.34324648,52.41131816]]},"geometry_name":"geom","properties":{"gisid":19,"objekt":"Vorderlandmauer"},"bbox":[13.34190357,52.41119755,13.34324648,52.41131816],"__layer":"a_grenzmauer"},{"type":"Feature","id":"a_grenzmauer.22","geometry":{"type":"LineString","coordinates":[[13.13404861,52.38871065],[13.13064957,52.39042107],[13.13189759,52.39139745],[13.13283854,52.3921094],[13.1341232,52.39307278],[13.13522429,52.39373875],[13.13686005,52.39464136],[13.13844823,52.39550186],[13.14031518,52.39622955]]},"geometry_name":"geom","properties":{"gisid":22,"objekt":"Vorderlandmauer"},"bbox":[13.13064957,52.38871065,13.14031518,52.39622955],"__layer":"a_grenzmauer"},{"type":"Feature","id":"a_grenzmauer.23","geometry":{"type":"LineString","coordinates":[[13.13325784,52.3872255],[13.13404861,52.38871065]]},"geometry_name":"geom","properties":{"gisid":23,"objekt":"Vorderlandmauer"},"bbox":[13.13325784,52.3872255,13.13404861,52.38871065],"__layer":"a_grenzmauer"},{"type":"Feature","id":"a_grenzmauer.24","geometry":{"type":"LineString","coordinates":[[13.13126102,52.3871418],[13.13325784,52.3872255]]},"geometry_name":"geom","properties":{"gisid":24,"objekt":"Vorderlandmauer"},"bbox":[13.13126102,52.3871418,13.13325784,52.3872255],"__layer":"a_grenzmauer"},{"type":"Feature","id":"a_grenzmauer.30","geometry":{"type":"LineString","coordinates":[[13.09717693,52.40870107],[13.09777717,52.40866102],[13.09970356,52.40852487],[13.1008843,52.40832953]]},"geometry_name":"geom","properties":{"gisid":30,"objekt":"Vorderlandmauer"},"bbox":[13.09717693,52.40832953,13.1008843,52.40870107],"__layer":"a_grenzmauer"},{"type":"Feature","id":"a_grenzmauer.32","geometry":{"type":"LineString","coordinates":[[13.08924507,52.41335665],[13.08924351,52.41327541],[13.08913235,52.41315089],[13.08899484,52.4130124],[13.08882184,52.41294074],[13.08864863,52.41288679],[13.08844676,52.41280613],[13.0883461,52.41274366],[13.08823117,52.41266339],[13.0880306,52.41247642],[13.08795967,52.41235206],[13.08787544,52.41213018],[13.08783327,52.41202367],[13.08782008,52.41191729],[13.08782203,52.41175783],[13.08789684,52.41156325],[13.08800732,52.41132929],[13.08821111,52.41107974],[13.08837135,52.41087378],[13.08846366,52.41069506],[13.08851074,52.41052992],[13.08842296,52.41033661],[13.08819982,52.41015645],[13.08802107,52.41003162],[13.08788689,52.40994833],[13.08774329,52.4098969]]},"geometry_name":"geom","properties":{"gisid":32,"objekt":"Vorderlandmauer"},"bbox":[13.08774329,52.4098969,13.08924507,52.41335665],"__layer":"a_grenzmauer"},{"type":"Feature","id":"a_grenzmauer.34","geometry":{"type":"LineString","coordinates":[[13.38922391,52.56837772],[13.38836581,52.56953284]]},"geometry_name":"geom","properties":{"gisid":34,"objekt":"Vorderlandmauer"},"bbox":[13.38836581,52.56837772,13.38922391,52.56953284],"__layer":"a_grenzmauer"},{"type":"Feature","id":"a_grenzmauer.36","geometry":{"type":"LineString","coordinates":[[13.47503907,52.45870454],[13.47868055,52.45873119]]},"geometry_name":"geom","properties":{"gisid":36,"objekt":"Vorderlandmauer"},"bbox":[13.47503907,52.45870454,13.47868055,52.45873119],"__layer":"a_grenzmauer"},{"type":"Feature","id":"a_grenzmauer.37","geometry":{"type":"LineString","coordinates":[[13.41798291,52.3762071],[13.41846198,52.37563158]]},"geometry_name":"geom","properties":{"gisid":37,"objekt":"Vorderlandmauer"},"bbox":[13.41798291,52.37563158,13.41846198,52.3762071],"__layer":"a_grenzmauer"},{"type":"Feature","id":"a_grenzmauer.38","geometry":{"type":"LineString","coordinates":[[13.41769155,52.37621848],[13.41822538,52.37559493]]},"geometry_name":"geom","properties":{"gisid":38,"objekt":"Vorderlandmauer"},"bbox":[13.41769155,52.37559493,13.41822538,52.37621848],"__layer":"a_grenzmauer"},{"type":"Feature","id":"a_grenzmauer.39","geometry":{"type":"LineString","coordinates":[[13.10101312,52.40860685],[13.10012743,52.4087645],[13.10010766,52.40889443]]},"geometry_name":"geom","properties":{"gisid":39,"objekt":"Vorderlandmauer"},"bbox":[13.10010766,52.40860685,13.10101312,52.40889443],"__layer":"a_grenzmauer"},{"type":"Feature","id":"a_grenzmauer.40","geometry":{"type":"LineString","coordinates":[[13.14325828,52.52397661],[13.14301662,52.523896]]},"geometry_name":"geom","properties":{"gisid":40,"objekt":"Vorderlandmauer"},"bbox":[13.14301662,52.523896,13.14325828,52.52397661],"__layer":"a_grenzmauer"},{"type":"Feature","id":"a_grenzmauer.41","geometry":{"type":"LineString","coordinates":[[13.12389486,52.53887275],[13.13135234,52.53833429],[13.1412452,52.53765636]]},"geometry_name":"geom","properties":{"gisid":41,"objekt":"Vorderlandmauer"},"bbox":[13.12389486,52.53765636,13.1412452,52.53887275],"__layer":"a_grenzmauer"},{"type":"Feature","id":"a_grenzmauer.42","geometry":{"type":"LineString","coordinates":[[13.14142265,52.53787691],[13.12921253,52.53872619],[13.12389704,52.53908808]]},"geometry_name":"geom","properties":{"gisid":42,"objekt":"Vorderlandmauer"},"bbox":[13.12389704,52.53787691,13.14142265,52.53908808],"__layer":"a_grenzmauer"},{"type":"Feature","id":"a_grenzmauer.44","geometry":{"type":"LineString","coordinates":[[13.21753861,52.62855517],[13.21768531,52.62858385]]},"geometry_name":"geom","properties":{"gisid":44,"objekt":"Vorderlandmauer"},"bbox":[13.21753861,52.62855517,13.21768531,52.62858385],"__layer":"a_grenzmauer"},{"type":"Feature","id":"a_grenzmauer.45","geometry":{"type":"LineString","coordinates":[[13.30617603,52.63666905],[13.30722662,52.63752357]]},"geometry_name":"geom","properties":{"gisid":45,"objekt":"Vorderlandmauer"},"bbox":[13.30617603,52.63666905,13.30722662,52.63752357],"__layer":"a_grenzmauer"},{"type":"Feature","id":"a_grenzmauer.47","geometry":{"type":"LineString","coordinates":[[13.3739842,52.52800032],[13.37383038,52.52814199],[13.37361628,52.52835656],[13.3733756,52.52856296],[13.37311499,52.52876526],[13.37283594,52.52898591],[13.37224187,52.52951975],[13.37190907,52.52986393],[13.37137143,52.53045579],[13.37102967,52.53088647],[13.37026867,52.5318867],[13.36889539,52.53336229],[13.36893395,52.53356436],[13.36650903,52.53585368],[13.36687836,52.53613728],[13.36780329,52.5365756],[13.36858894,52.53591479],[13.3730555,52.53799283],[13.37453178,52.53704259]]},"geometry_name":"geom","properties":{"gisid":47,"objekt":"Vorderlandmauer"},"bbox":[13.36650903,52.52800032,13.37453178,52.53799283],"__layer":"a_grenzmauer"},{"type":"Feature","id":"a_grenzmauer.49","geometry":{"type":"LineString","coordinates":[[13.37417645,52.52777326],[13.37452858,52.52792163]]},"geometry_name":"geom","properties":{"gisid":49,"objekt":"Vorderlandmauer"},"bbox":[13.37417645,52.52777326,13.37452858,52.52792163],"__layer":"a_grenzmauer"},{"type":"Feature","id":"a_grenzmauer.50","geometry":{"type":"LineString","coordinates":[[13.3739842,52.52800032],[13.37405384,52.52804979]]},"geometry_name":"geom","properties":{"gisid":50,"objekt":"Vorderlandmauer"},"bbox":[13.3739842,52.52800032,13.37405384,52.52804979],"__layer":"a_grenzmauer"},{"type":"Feature","id":"a_grenzmauer.51","geometry":{"type":"LineString","coordinates":[[13.47901269,52.45900548],[13.47508756,52.45916572]]},"geometry_name":"geom","properties":{"gisid":51,"objekt":"Vorderlandmauer"},"bbox":[13.47508756,52.45900548,13.47901269,52.45916572],"__layer":"a_grenzmauer"},{"type":"Feature","id":"a_grenzmauer.52","geometry":{"type":"LineString","coordinates":[[13.47508756,52.45916572],[13.4750993,52.45943675],[13.47528799,52.45986288],[13.47551489,52.46023485],[13.47564062,52.460537],[13.4757915,52.46090114],[13.47695482,52.46176987],[13.47719097,52.46193311]]},"geometry_name":"geom","properties":{"gisid":52,"objekt":"Vorderlandmauer"},"bbox":[13.47508756,52.45916572,13.47719097,52.46193311],"__layer":"a_grenzmauer"},{"type":"Feature","id":"a_grenzmauer.53","geometry":{"type":"LineString","coordinates":[[13.30707624,52.65967597],[13.3021714,52.65927422],[13.30038794,52.65933405],[13.29929649,52.65937959],[13.29662204,52.65942467],[13.29386757,52.65938065],[13.28901937,52.65999802],[13.28773041,52.65999094],[13.28715899,52.65999895],[13.28625071,52.66022402],[13.28267914,52.66080086],[13.28227591,52.6569412],[13.28178536,52.65264687]]},"geometry_name":"geom","properties":{"gisid":53,"objekt":"Vorderlandmauer"},"bbox":[13.28178536,52.65264687,13.30707624,52.66080086],"__layer":"a_grenzmauer"},{"type":"Feature","id":"a_grenzmauer.54","geometry":{"type":"LineString","coordinates":[[13.26454589,52.63299935],[13.26407707,52.63180046],[13.26391725,52.63145764],[13.26405676,52.63103986],[13.264226,52.63069167],[13.26406626,52.62989098],[13.26401976,52.62908175],[13.26403515,52.62722089],[13.26304976,52.62739587],[13.26235675,52.62758792],[13.26010966,52.62802703],[13.25964642,52.6280256],[13.25742954,52.62785148],[13.25605984,52.62778029],[13.25433301,52.62769123],[13.25233589,52.62753688],[13.25137418,52.62750037],[13.25074574,52.62753185],[13.25063582,52.6275315],[13.25052586,52.62753115],[13.24929306,52.62752723],[13.24685564,52.62743579],[13.24608306,52.62743966],[13.2448297,52.62784018],[13.24372366,52.62819262],[13.24290928,52.62835594],[13.24208219,52.62835326],[13.24191496,52.62835271],[13.24168452,52.62831765]]},"geometry_name":"geom","properties":{"gisid":54,"objekt":"Vorderlandmauer"},"bbox":[13.24168452,52.62722089,13.26454589,52.63299935],"__layer":"a_grenzmauer"},{"type":"Feature","id":"a_grenzmauer.55","geometry":{"type":"LineString","coordinates":[[13.24118082,52.62823355],[13.24098703,52.6282005],[13.24064903,52.6281197],[13.24043044,52.62807225],[13.24004363,52.62798828],[13.23942712,52.6278776],[13.23908333,52.62781422],[13.2387932,52.62782056],[13.23834141,52.62778672],[13.23753525,52.62780451],[13.23627465,52.62783381],[13.23592153,52.62781591],[13.23259933,52.62755739],[13.23222733,52.62752379],[13.23196155,52.62750673],[13.23149144,52.62743042],[13.23120766,52.62741445],[13.23070517,52.62741553],[13.23023331,52.62741653],[13.22996273,52.62741197],[13.22949748,52.62745991],[13.22837453,52.62755352],[13.22606561,52.62821416]]},"geometry_name":"geom","properties":{"gisid":55,"objekt":"Vorderlandmauer"},"bbox":[13.22606561,52.62741197,13.24118082,52.62823355],"__layer":"a_grenzmauer"},{"type":"Feature","id":"a_grenzmauer.56","geometry":{"type":"LineString","coordinates":[[13.22606561,52.62821416],[13.22466488,52.62861491],[13.21768531,52.62858385]]},"geometry_name":"geom","properties":{"gisid":56,"objekt":"Vorderlandmauer"},"bbox":[13.21768531,52.62821416,13.22606561,52.62861491],"__layer":"a_grenzmauer"},{"type":"Feature","id":"a_grenzmauer.57","geometry":{"type":"LineString","coordinates":[[13.13178668,52.57962096],[13.13242922,52.57954685]]},"geometry_name":"geom","properties":{"gisid":57,"objekt":"Vorderlandmauer"},"bbox":[13.13178668,52.57954685,13.13242922,52.57962096],"__layer":"a_grenzmauer"},{"type":"Feature","id":"a_grenzmauer.58","geometry":{"type":"LineString","coordinates":[[13.11898737,52.44372944],[13.11894202,52.44357071],[13.11892175,52.44328237],[13.11878959,52.44280519],[13.11572989,52.44191384],[13.1142094,52.43983031],[13.11097213,52.43858986],[13.10955196,52.43798748],[13.10598899,52.43547892]]},"geometry_name":"geom","properties":{"gisid":58,"objekt":"Vorderlandmauer"},"bbox":[13.10598899,52.43547892,13.11898737,52.44372944],"__layer":"a_grenzmauer"},{"type":"Feature","id":"a_grenzmauer.59","geometry":{"type":"LineString","coordinates":[[13.09685838,52.42555201],[13.09774165,52.42593395],[13.09889036,52.42615828]]},"geometry_name":"geom","properties":{"gisid":59,"objekt":"Vorderlandmauer"},"bbox":[13.09685838,52.42555201,13.09889036,52.42615828],"__layer":"a_grenzmauer"},{"type":"Feature","id":"a_grenzmauer.60","geometry":{"type":"LineString","coordinates":[[13.09889036,52.42615828],[13.09999102,52.42609907],[13.1006747,52.42593735],[13.1021059,52.42557541],[13.10260498,52.42552902],[13.10371931,52.42572507],[13.10487181,52.42613165],[13.1054901,52.42630758],[13.10583729,52.4264448],[13.10621378,52.42678567],[13.10665302,52.42718498],[13.10698254,52.42747718],[13.10731321,52.42775923],[13.10765077,52.42801348]]},"geometry_name":"geom","properties":{"gisid":60,"objekt":"Vorderlandmauer"},"bbox":[13.09889036,52.42552902,13.10765077,52.42801348],"__layer":"a_grenzmauer"},{"type":"Feature","id":"a_grenzmauer.61","geometry":{"type":"LineString","coordinates":[[13.08090341,52.42342475],[13.08062817,52.42388869],[13.08182355,52.42465987]]},"geometry_name":"geom","properties":{"gisid":61,"objekt":"Vorderlandmauer"},"bbox":[13.08062817,52.42342475,13.08182355,52.42465987],"__layer":"a_grenzmauer"},{"type":"Feature","id":"a_grenzmauer.62","geometry":{"type":"LineString","coordinates":[[13.08182355,52.42465987],[13.08260275,52.42512742],[13.08304692,52.42535433],[13.08338976,52.42549929],[13.08383147,52.42563637],[13.08469457,52.4258361],[13.08543803,52.42597519],[13.0861667,52.42602699],[13.08688012,52.42603024],[13.08736154,52.42600459],[13.08802442,52.42580286],[13.08847496,52.42562689],[13.08924852,52.42533901],[13.08990816,52.42509349],[13.09036904,52.42495885],[13.09111168,52.42479763],[13.09202365,52.42459963],[13.09538946,52.42452582],[13.09577826,52.42455729],[13.09642169,52.42494915],[13.09685838,52.42555201]]},"geometry_name":"geom","properties":{"gisid":62,"objekt":"Vorderlandmauer"},"bbox":[13.08182355,52.42452582,13.09685838,52.42603024],"__layer":"a_grenzmauer"},{"type":"Feature","id":"a_grenzmauer.63","geometry":{"type":"LineString","coordinates":[[13.11104552,52.40314301],[13.1115795,52.40289924],[13.11219394,52.40265581],[13.11274296,52.4025007],[13.11351799,52.40228749],[13.114067,52.40213237],[13.1144221,52.40204531],[13.11492417,52.40197668],[13.11564716,52.40188327],[13.11629261,52.40173839],[13.11664894,52.40154305],[13.1170242,52.40110168],[13.11738302,52.40068978],[13.11777799,52.40046495],[13.11827313,52.40026047],[13.11864486,52.40012425],[13.11903279,52.39997826],[13.11921117,52.39986089],[13.11937356,52.39973362],[13.11952066,52.39953737],[13.11963489,52.39940004],[13.11969025,52.39930613],[13.11981959,52.39918227],[13.11994686,52.39885995],[13.1200944,52.39862433],[13.12039263,52.39843317],[13.12077535,52.39818426],[13.12107676,52.39796005],[13.12147431,52.3977584],[13.12180371,52.39759138],[13.12229633,52.39731398],[13.12288432,52.39693334],[13.12345042,52.39645327],[13.12380724,52.39620869],[13.12438945,52.39595522],[13.12526107,52.39572266],[13.12601849,52.39562743]]},"geometry_name":"geom","properties":{"gisid":63,"objekt":"Vorderlandmauer"},"bbox":[13.11104552,52.39562743,13.12601849,52.40314301],"__layer":"a_grenzmauer"},{"type":"Feature","id":"a_grenzmauer.64","geometry":{"type":"LineString","coordinates":[[13.1356962,52.39615039],[13.13716658,52.39615648],[13.13730338,52.39615459]]},"geometry_name":"geom","properties":{"gisid":64,"objekt":"Vorderlandmauer"},"bbox":[13.1356962,52.39615039,13.13730338,52.39615648],"__layer":"a_grenzmauer"},{"type":"Feature","id":"a_grenzmauer.65","geometry":{"type":"LineString","coordinates":[[13.13861885,52.39598037],[13.13604218,52.39464632],[13.13492728,52.39398867],[13.13420565,52.39354117]]},"geometry_name":"geom","properties":{"gisid":65,"objekt":"Vorderlandmauer"},"bbox":[13.13420565,52.39354117,13.13861885,52.39598037],"__layer":"a_grenzmauer"},{"type":"Feature","id":"a_grenzmauer.66","geometry":{"type":"LineString","coordinates":[[13.14031518,52.39622955],[13.14285526,52.39673392],[13.1437931,52.39607636],[13.14575216,52.39543634],[13.14780874,52.39524089],[13.14905603,52.39512197]]},"geometry_name":"geom","properties":{"gisid":66,"objekt":"Vorderlandmauer"},"bbox":[13.14031518,52.39512197,13.14905603,52.39673392],"__layer":"a_grenzmauer"},{"type":"Feature","id":"a_grenzmauer.67","geometry":{"type":"LineString","coordinates":[[13.14905603,52.39512197],[13.15093582,52.39494273],[13.15364433,52.3947379],[13.15874891,52.39388468],[13.16533792,52.39420667],[13.1681128,52.39433636],[13.16883424,52.39437312],[13.1693046,52.39452779],[13.17195782,52.39569291],[13.17152142,52.3975835],[13.17249069,52.397825]]},"geometry_name":"geom","properties":{"gisid":67,"objekt":"Vorderlandmauer"},"bbox":[13.14905603,52.39388468,13.17249069,52.397825],"__layer":"a_grenzmauer"},{"type":"Feature","id":"a_grenzmauer.68","geometry":{"type":"LineString","coordinates":[[13.22471656,52.42082265],[13.22535997,52.42080171]]},"geometry_name":"geom","properties":{"gisid":68,"objekt":"Vorderlandmauer"},"bbox":[13.22471656,52.42080171,13.22535997,52.42082265],"__layer":"a_grenzmauer"},{"type":"Feature","id":"a_grenzmauer.69","geometry":{"type":"LineString","coordinates":[[13.34324648,52.41131816],[13.34296281,52.40766293]]},"geometry_name":"geom","properties":{"gisid":69,"objekt":"Vorderlandmauer"},"bbox":[13.34296281,52.40766293,13.34324648,52.41131816],"__layer":"a_grenzmauer"},{"type":"Feature","id":"a_grenzmauer.70","geometry":{"type":"LineString","coordinates":[[13.44490921,52.50131182],[13.44617554,52.50233512]]},"geometry_name":"geom","properties":{"gisid":70,"objekt":"Vorderlandmauer"},"bbox":[13.44490921,52.50131182,13.44617554,52.50233512],"__layer":"a_grenzmauer"},{"type":"Feature","id":"a_grenzmauer.71","geometry":{"type":"LineString","coordinates":[[13.39865534,52.55371469],[13.39844024,52.5545703]]},"geometry_name":"geom","properties":{"gisid":71,"objekt":"Vorderlandmauer"},"bbox":[13.39844024,52.55371469,13.39865534,52.5545703],"__layer":"a_grenzmauer"},{"type":"Feature","id":"a_grenzmauer.72","geometry":{"type":"LineString","coordinates":[[13.39716311,52.56044851],[13.39665879,52.56141326],[13.39589333,52.56249657],[13.39534729,52.56313051],[13.39480193,52.56363215],[13.39412581,52.56422614],[13.3935155,52.56468797],[13.39338462,52.56480677],[13.39203433,52.56561108],[13.38924685,52.56720626],[13.38940969,52.56816308],[13.38931425,52.56822085],[13.38922391,52.56837772]]},"geometry_name":"geom","properties":{"gisid":72,"objekt":"Vorderlandmauer"},"bbox":[13.38922391,52.56044851,13.39716311,52.56837772],"__layer":"a_grenzmauer"},{"type":"Feature","id":"a_grenzmauer.73","geometry":{"type":"LineString","coordinates":[[13.30834651,52.64081147],[13.30885586,52.64126278],[13.30941239,52.64271588],[13.30916644,52.64405185],[13.30829488,52.64425804],[13.30681627,52.64637386],[13.30633504,52.64669619],[13.30340965,52.65015113],[13.30276549,52.65090991],[13.3021207,52.6517496],[13.30075122,52.65342874]]},"geometry_name":"geom","properties":{"gisid":73,"objekt":"Vorderlandmauer"},"bbox":[13.30075122,52.64081147,13.30941239,52.65342874],"__layer":"a_grenzmauer"},{"type":"Feature","id":"a_grenzmauer.74","geometry":{"type":"LineString","coordinates":[[13.07155369,52.42102958],[13.07231262,52.42072967],[13.07296998,52.42048456],[13.07335108,52.42035682],[13.07404922,52.42028458],[13.07470937,52.42021623],[13.07524672,52.42029513],[13.07596493,52.42043381],[13.07664194,52.42062341],[13.0778726,52.42109434]]},"geometry_name":"geom","properties":{"gisid":74,"objekt":"Vorderlandmauer"},"bbox":[13.07155369,52.42021623,13.0778726,52.42109434],"__layer":"a_grenzmauer"},{"type":"Feature","id":"a_grenzmauer.75","geometry":{"type":"LineString","coordinates":[[13.0778726,52.42109434],[13.07787766,52.4206873],[13.07776468,52.4195722],[13.07768137,52.418622],[13.07768619,52.41823434],[13.07783734,52.4177543],[13.07852792,52.4169867],[13.0787917,52.41674871],[13.0803091,52.41635656],[13.08058069,52.41620767],[13.0808181,52.41621353],[13.0818177,52.41601539],[13.08242314,52.41588171],[13.08297956,52.41574858],[13.08334518,52.41566304],[13.08380801,52.41545421],[13.08457012,52.41512657],[13.08482628,52.41503262],[13.08524915,52.41490995],[13.08719815,52.41426565],[13.08763118,52.41428777],[13.08805983,52.41424838],[13.08833108,52.41418072],[13.08863189,52.41404601],[13.08891982,52.41394914],[13.08902759,52.41388146],[13.0891016,52.41382595],[13.08917038,52.41372981],[13.08924926,52.41357475]]},"geometry_name":"geom","properties":{"gisid":75,"objekt":"Vorderlandmauer"},"bbox":[13.07768137,52.41357475,13.08924926,52.42109434],"__layer":"a_grenzmauer"},{"type":"Feature","id":"a_grenzmauer.76","geometry":{"type":"LineString","coordinates":[[13.45120608,52.49718942],[13.45120614,52.49718945],[13.45142954,52.49726767],[13.45170275,52.49733961],[13.45189786,52.49739951],[13.45226884,52.49744775],[13.45269848,52.49748415],[13.45298024,52.497549],[13.45343529,52.49751093],[13.45402673,52.49752187],[13.45556275,52.49728892],[13.45607269,52.49797221]]},"geometry_name":"geom","properties":{"gisid":76,"objekt":"Vorderlandmauer"},"bbox":[13.45120608,52.49718942,13.45607269,52.49797221],"__layer":"a_grenzmauer"},{"type":"Feature","id":"a_grenzmauer.77","geometry":{"type":"LineString","coordinates":[[13.09914013,52.42748667],[13.0989622,52.42630121]]},"geometry_name":"geom","properties":{"gisid":77,"objekt":"Vorderlandmauer"},"bbox":[13.0989622,52.42630121,13.09914013,52.42748667],"__layer":"a_grenzmauer"},{"type":"Feature","id":"a_grenzmauer.78","geometry":{"type":"LineString","coordinates":[[13.10765077,52.42801348],[13.10786721,52.42825291]]},"geometry_name":"geom","properties":{"gisid":78,"objekt":"Vorderlandmauer"},"bbox":[13.10765077,52.42801348,13.10786721,52.42825291],"__layer":"a_grenzmauer"},{"type":"Feature","id":"a_grenzmauer.79","geometry":{"type":"LineString","coordinates":[[13.37964207,52.51893879],[13.38010564,52.51893976]]},"geometry_name":"geom","properties":{"gisid":79,"objekt":"Vorderlandmauer"},"bbox":[13.37964207,52.51893879,13.38010564,52.51893976],"__layer":"a_grenzmauer"},{"type":"Feature","id":"a_grenzmauer.80","geometry":{"type":"LineString","coordinates":[[13.38010564,52.51893976],[13.38002301,52.51950516]]},"geometry_name":"geom","properties":{"gisid":80,"objekt":"Vorderlandmauer"},"bbox":[13.38002301,52.51893976,13.38010564,52.51950516],"__layer":"a_grenzmauer"},{"type":"Feature","id":"a_grenzmauer.81","geometry":{"type":"LineString","coordinates":[[13.28178536,52.65264687],[13.28234437,52.65261613],[13.28471346,52.65249354],[13.28491227,52.65243128],[13.28463617,52.64993804],[13.28413273,52.64849498],[13.28451519,52.64776878],[13.28412291,52.64502356],[13.28386158,52.64298473],[13.28360467,52.64117931],[13.28164396,52.64108115],[13.28102234,52.64097818],[13.2773349,52.64045737],[13.27642946,52.6402845],[13.27412527,52.64030406],[13.27179685,52.63991476],[13.26924894,52.63974257],[13.2620075,52.64080735],[13.26207106,52.63956155],[13.26237092,52.63868866],[13.26300189,52.63797428],[13.26334878,52.63752425],[13.26371356,52.63705104],[13.26388145,52.63677155],[13.2641321,52.6362716],[13.26447787,52.63558198],[13.2646924,52.63520686],[13.26474464,52.63446089],[13.26477497,52.63424604],[13.26475118,52.63390615],[13.26454589,52.63299935]]},"geometry_name":"geom","properties":{"gisid":81,"objekt":"Vorderlandmauer"},"bbox":[13.2620075,52.63299935,13.28491227,52.65264687],"__layer":"a_grenzmauer"},{"type":"Feature","id":"a_grenzmauer.82","geometry":{"type":"LineString","coordinates":[[13.16477195,52.59883401],[13.16739381,52.59740684],[13.16899572,52.59720446],[13.17102565,52.59664903],[13.17188594,52.59637264],[13.17408369,52.59566111],[13.17570099,52.59534554],[13.17665615,52.59515918],[13.17821344,52.5950112],[13.18148179,52.59435726],[13.18479442,52.59340145],[13.19084347,52.59077785],[13.19140363,52.5905203],[13.19385007,52.5900024],[13.19649576,52.58967286],[13.19837896,52.58923938],[13.19943229,52.58912174],[13.20007364,52.58898178],[13.20050465,52.58888775],[13.20075606,52.58883861],[13.20114976,52.5886963],[13.20144215,52.58859063],[13.20159431,52.58851717],[13.2018551,52.58838432],[13.20210384,52.58825759],[13.20245669,52.58803474],[13.20289227,52.58784759],[13.20400964,52.58756272],[13.20438311,52.58738794],[13.20568875,52.58685159],[13.20653214,52.58672364],[13.20668938,52.58695075],[13.2071798,52.5884574],[13.2112732,52.58827765],[13.21374696,52.58797885],[13.21353984,52.58831295],[13.21340802,52.58915489],[13.21307946,52.59114817],[13.21344435,52.59264645],[13.20971139,52.59559817],[13.20667656,52.59662748],[13.2063874,52.59676614],[13.20623852,52.59686457],[13.20598825,52.59703001],[13.20580721,52.59712378],[13.20550715,52.59723103],[13.204885,52.59745343],[13.20430186,52.59762231],[13.2039299,52.59775658],[13.2032039,52.59849222],[13.20276171,52.59869092],[13.2028516,52.59863753],[13.20276171,52.59869092],[13.20235238,52.59894912],[13.20192127,52.59921581],[13.20177681,52.60041275]]},"geometry_name":"geom","properties":{"gisid":82,"objekt":"Vorderlandmauer"},"bbox":[13.16477195,52.58672364,13.21374696,52.60041275],"__layer":"a_grenzmauer"},{"type":"Feature","id":"a_grenzmauer.83","geometry":{"type":"LineString","coordinates":[[13.10297541,52.4078779],[13.10394414,52.40752197],[13.10390657,52.40732244],[13.10437694,52.40711631],[13.10478739,52.40699412],[13.10501877,52.40692947],[13.10585699,52.40675294],[13.10619747,52.40674677],[13.10689182,52.40654142],[13.10719951,52.40645042],[13.10737589,52.40639942],[13.1076587,52.40628204],[13.10780732,52.40615098],[13.10798506,52.40609269],[13.10814728,52.40598512],[13.10842275,52.40582882],[13.10864981,52.40568216],[13.10890964,52.40548641],[13.10905645,52.40531971],[13.1092358,52.40512361],[13.10936721,52.40489777],[13.10949804,52.40472115],[13.10956414,52.40457378],[13.1096952,52.40437747],[13.10989179,52.40408301],[13.11008826,52.40379839],[13.11036497,52.40353381],[13.11072157,52.40331879],[13.11104552,52.40314301]]},"geometry_name":"geom","properties":{"gisid":83,"objekt":"Vorderlandmauer"},"bbox":[13.10297541,52.40314301,13.11104552,52.4078779],"__layer":"a_grenzmauer"},{"type":"Feature","id":"a_grenzmauer.84","geometry":{"type":"LineString","coordinates":[[13.37900259,52.50699206],[13.37792424,52.50783676],[13.37716921,52.50818324],[13.37606006,52.50834548],[13.37593494,52.50843907],[13.37652284,52.51018281],[13.37669955,52.51105331],[13.37692162,52.51205624],[13.37695282,52.5122912],[13.37692437,52.51252604],[13.37695993,52.5129496],[13.37729809,52.51452183],[13.37729164,52.51470378],[13.37737043,52.5151539],[13.37747081,52.51562391],[13.37746511,52.51567352],[13.37734503,52.51580892],[13.37719823,52.51587478],[13.37699717,52.51594714],[13.3768611,52.51603287],[13.3768184,52.5164192],[13.37687474,52.51649608],[13.37700441,52.51658238],[13.3772262,52.5166821],[13.37731009,52.51675239],[13.37733543,52.51695444],[13.37690644,52.51786653],[13.37691093,52.51940976],[13.37709609,52.51945863],[13.37774692,52.51919862],[13.3782131,52.51910051],[13.3786275,52.51901324],[13.37888689,52.51897761],[13.3793242,52.51893813],[13.37964207,52.51893879]]},"geometry_name":"geom","properties":{"gisid":84,"objekt":"Vorderlandmauer"},"bbox":[13.37593494,52.50699206,13.37964207,52.51945863],"__layer":"a_grenzmauer"},{"type":"Feature","id":"a_grenzmauer.85","geometry":{"type":"LineString","coordinates":[[13.39000587,52.5076498],[13.38469396,52.50732145],[13.37900259,52.50699206]]},"geometry_name":"geom","properties":{"gisid":85,"objekt":"Vorderlandmauer"},"bbox":[13.37900259,52.50699206,13.39000587,52.5076498],"__layer":"a_grenzmauer"},{"type":"Feature","id":"a_grenzmauer.86","geometry":{"type":"LineString","coordinates":[[13.39065638,52.50767757],[13.39145864,52.50771887],[13.39428808,52.5078965],[13.39885207,52.50818329],[13.398939,52.50815037],[13.39916673,52.50815081],[13.4001575,52.50949594],[13.40044342,52.50939657],[13.40093978,52.50921291],[13.4012764,52.50912753],[13.40213481,52.50879832],[13.40276469,52.50862086],[13.40331893,52.50839031],[13.40367754,52.50824542],[13.40419927,52.50800819],[13.4044277,52.50786966],[13.40452496,52.50793602],[13.40475213,52.50804893],[13.40529311,52.50829477],[13.40542466,52.50818155],[13.40545936,52.50817741],[13.40644196,52.50745056],[13.40693682,52.50705385],[13.40732865,52.50676344],[13.40746841,52.50669674],[13.40803601,52.50626186],[13.40821999,52.50633499],[13.41001676,52.50701322],[13.41156657,52.50497804]]},"geometry_name":"geom","properties":{"gisid":86,"objekt":"Vorderlandmauer"},"bbox":[13.39065638,52.50497804,13.41156657,52.50949594],"__layer":"a_grenzmauer"},{"type":"Feature","id":"a_grenzmauer.87","geometry":{"type":"LineString","coordinates":[[13.41185999,52.50484623],[13.41414077,52.50409602],[13.41421626,52.50418218],[13.41463673,52.50468582],[13.4146145,52.50479826],[13.4149067,52.50491789],[13.41749634,52.50418606],[13.41814817,52.50508246],[13.41857125,52.5050435],[13.41880959,52.50509024],[13.41900419,52.5052163],[13.4193921,52.50573972]]},"geometry_name":"geom","properties":{"gisid":87,"objekt":"Vorderlandmauer"},"bbox":[13.41185999,52.50409602,13.4193921,52.50573972],"__layer":"a_grenzmauer"},{"type":"Feature","id":"a_grenzmauer.88","geometry":{"type":"LineString","coordinates":[[13.42933482,52.50861329],[13.42897422,52.50808205],[13.4287476,52.5080263],[13.42801123,52.50697763],[13.42779185,52.50667388],[13.42761297,52.50641864],[13.42739444,52.50624754],[13.4270702,52.50604397],[13.42664611,52.50585146],[13.42623483,52.50567872],[13.42593181,52.50554587],[13.42555292,52.50540627],[13.42506556,52.5052731],[13.42443717,52.50515293],[13.42386277,52.50508577],[13.42337496,52.50505185],[13.42300631,52.5050446],[13.42264844,52.5050506],[13.4223556,52.50506333],[13.42188917,52.50509561],[13.42157452,52.50513476],[13.4210317,52.50527278],[13.4193921,52.50573972]]},"geometry_name":"geom","properties":{"gisid":88,"objekt":"Vorderlandmauer"},"bbox":[13.4193921,52.5050446,13.42933482,52.50861329],"__layer":"a_grenzmauer"},{"type":"Feature","id":"a_grenzmauer.89","geometry":{"type":"LineString","coordinates":[[13.4297017,52.50943523],[13.42917494,52.50885296],[13.4292286,52.50869155],[13.42933482,52.50861329]]},"geometry_name":"geom","properties":{"gisid":89,"objekt":"Vorderlandmauer"},"bbox":[13.42917494,52.50861329,13.4297017,52.50943523],"__layer":"a_grenzmauer"},{"type":"Feature","id":"a_grenzmauer.90","geometry":{"type":"LineString","coordinates":[[13.44617554,52.50233512],[13.44533903,52.50267065],[13.44508856,52.50277381],[13.44320286,52.50347688],[13.4428848,52.50359175],[13.43932941,52.50483201],[13.43570275,52.50667654],[13.43449798,52.50732057],[13.43358087,52.50779896],[13.43194796,52.5084655],[13.4315127,52.50863074],[13.4297017,52.50943523]]},"geometry_name":"geom","properties":{"gisid":90,"objekt":"Vorderlandmauer"},"bbox":[13.4297017,52.50233512,13.44617554,52.50943523],"__layer":"a_grenzmauer"},{"type":"Feature","id":"a_grenzmauer.91","geometry":{"type":"LineString","coordinates":[[13.44970178,52.496209],[13.45001199,52.49644054],[13.45038126,52.49668644],[13.45062819,52.49685457]]},"geometry_name":"geom","properties":{"gisid":91,"objekt":"Vorderlandmauer"},"bbox":[13.44970178,52.496209,13.45062819,52.49685457],"__layer":"a_grenzmauer"},{"type":"Feature","id":"a_grenzmauer.92","geometry":{"type":"LineString","coordinates":[[13.44970178,52.496209],[13.44780451,52.49479279],[13.44767785,52.49472852],[13.44758424,52.49470067],[13.4474878,52.49467197],[13.44742757,52.4946612],[13.44732177,52.4946507],[13.44720341,52.494639],[13.44713406,52.49464522],[13.4470144,52.49465023],[13.44682938,52.49465805],[13.44669864,52.49467991],[13.44654636,52.49470218],[13.44627971,52.49474509],[13.44579772,52.49472112],[13.44548086,52.49464707],[13.44517688,52.49452659],[13.44499962,52.49444114],[13.44462016,52.49416566],[13.44304578,52.49294365]]},"geometry_name":"geom","properties":{"gisid":92,"objekt":"Vorderlandmauer"},"bbox":[13.44304578,52.49294365,13.44970178,52.496209],"__layer":"a_grenzmauer"},{"type":"Feature","id":"a_grenzmauer.93","geometry":{"type":"LineString","coordinates":[[13.47744355,52.46221993],[13.47864201,52.46397145],[13.47861286,52.46510194],[13.47802769,52.4656897],[13.47790046,52.46582118],[13.47643766,52.46722863],[13.47570063,52.46771552],[13.47427598,52.4690533],[13.47391983,52.46937806],[13.47290206,52.47036015],[13.47224053,52.4709865],[13.47162981,52.47158194],[13.47031968,52.47273398],[13.46975941,52.47339142],[13.46958009,52.4738945],[13.46978127,52.47437486],[13.47037159,52.47597852],[13.47059617,52.47701642],[13.46875273,52.47830712],[13.46385755,52.48173079],[13.46125069,52.48356235],[13.46123757,52.48367848],[13.45954613,52.48487632],[13.45880862,52.48536311],[13.45849057,52.48561044],[13.45813451,52.48584998],[13.45626272,52.48443801],[13.4560714,52.48430796],[13.45204404,52.48638318],[13.45139579,52.48672293],[13.45045518,52.4872171],[13.45032852,52.48717046],[13.44887912,52.48800457],[13.44863777,52.48808938],[13.44675656,52.48903897],[13.44437817,52.4874944],[13.4442257,52.48755611],[13.44343755,52.48796529],[13.43966194,52.4899107],[13.43971137,52.49022052],[13.43978669,52.49040648],[13.44133874,52.49161688],[13.44238194,52.49242382],[13.44304578,52.49294365]]},"geometry_name":"geom","properties":{"gisid":93,"objekt":"Vorderlandmauer"},"bbox":[13.43966194,52.46221993,13.47864201,52.49294365],"__layer":"a_grenzmauer"},{"type":"Feature","id":"a_grenzmauer.94","geometry":{"type":"LineString","coordinates":[[13.42751592,52.38579656],[13.4274366,52.38658462],[13.42707149,52.38773152],[13.42670767,52.38858864],[13.42576917,52.39083571],[13.42517579,52.39216767],[13.42475463,52.39311742],[13.42389327,52.39502847],[13.42356781,52.39575814],[13.42268734,52.39768074],[13.41996848,52.40370335],[13.41943704,52.4050787],[13.41851259,52.40701583],[13.4183377,52.40793121],[13.41854018,52.40920658],[13.41882099,52.4099489],[13.41954042,52.41012403],[13.42169966,52.41045234],[13.4246532,52.41117607],[13.42821354,52.41186597],[13.43200186,52.41246341],[13.43236615,52.41259731],[13.43543286,52.41352379],[13.43864581,52.41439304],[13.43884833,52.41441659],[13.43999973,52.41465072],[13.44156839,52.41504036],[13.44352872,52.41565514],[13.44527433,52.41614567],[13.4470832,52.4166595],[13.44799302,52.41715646],[13.44968777,52.41772428],[13.45193922,52.41844003],[13.45320383,52.41891424],[13.45481015,52.41945863],[13.45673338,52.4199415],[13.45874536,52.42040898],[13.45940348,52.42053381],[13.46354316,52.42104292],[13.46754886,52.42009594],[13.46796715,52.42000358],[13.46866954,52.4183784],[13.46893735,52.41785994],[13.47091356,52.41411474],[13.4718817,52.41248214],[13.47256912,52.41144542],[13.47315494,52.410486],[13.47398347,52.40889966],[13.47434014,52.40828065],[13.47576526,52.40623046],[13.47591823,52.40592866],[13.47637716,52.40500777],[13.47666996,52.40453579],[13.47674674,52.40429584],[13.47695036,52.40398636],[13.47742029,52.40354558],[13.47757504,52.40338269],[13.4775607,52.40320505],[13.47752408,52.40280234],[13.47814911,52.4014093],[13.47851829,52.40079803],[13.47886277,52.40000089],[13.47899229,52.39912604],[13.4791466,52.39840609],[13.47971195,52.39589017],[13.48229198,52.39658252],[13.48355679,52.39690154],[13.48488524,52.39711996],[13.48677041,52.3974242],[13.49059237,52.3977384],[13.49212318,52.3980344],[13.49499528,52.39852548],[13.49729493,52.39873892],[13.49899411,52.3990177],[13.50074025,52.39930609],[13.50101866,52.39933736],[13.50562519,52.39986098],[13.50696654,52.40006367],[13.50918107,52.40039112],[13.51298997,52.40102207],[13.51355704,52.4011354]]},"geometry_name":"geom","properties":{"gisid":94,"objekt":"Vorderlandmauer"},"bbox":[13.4183377,52.38579656,13.51355704,52.42104292],"__layer":"a_grenzmauer"},{"type":"Feature","id":"a_grenzmauer.95","geometry":{"type":"LineString","coordinates":[[13.41798291,52.3762071],[13.41802726,52.37620537],[13.42085497,52.3761066],[13.42100524,52.37637346],[13.42465526,52.38168847],[13.42694326,52.38498817],[13.42751592,52.38579656]]},"geometry_name":"geom","properties":{"gisid":95,"objekt":"Vorderlandmauer"},"bbox":[13.41798291,52.3761066,13.42751592,52.38579656],"__layer":"a_grenzmauer"},{"type":"Feature","id":"a_grenzmauer.96","geometry":{"type":"LineString","coordinates":[[13.41769155,52.37621848],[13.41552229,52.37627918],[13.41259352,52.37639912]]},"geometry_name":"geom","properties":{"gisid":96,"objekt":"Vorderlandmauer"},"bbox":[13.41259352,52.37621848,13.41769155,52.37639912],"__layer":"a_grenzmauer"},{"type":"Feature","id":"a_grenzmauer.97","geometry":{"type":"LineString","coordinates":[[13.38838281,52.37783815],[13.3922709,52.37769724],[13.39504628,52.37759315],[13.39665754,52.37758065],[13.39835887,52.37745874],[13.40109634,52.37726053],[13.40236042,52.37710792],[13.4045992,52.37690086],[13.40711861,52.37682731],[13.40987908,52.37656528]]},"geometry_name":"geom","properties":{"gisid":97,"objekt":"Vorderlandmauer"},"bbox":[13.38838281,52.37656528,13.40987908,52.37783815],"__layer":"a_grenzmauer"},{"type":"Feature","id":"a_grenzmauer.98","geometry":{"type":"LineString","coordinates":[[13.34296281,52.40766293],[13.34539077,52.40616622],[13.34637988,52.40555818],[13.34907748,52.40387422],[13.35086263,52.40280629],[13.35167106,52.40242472],[13.35259506,52.40197298],[13.35303166,52.40171575],[13.35441852,52.40088944],[13.35615062,52.40008738],[13.35780603,52.39926164],[13.35826821,52.39899662],[13.35929517,52.39841986],[13.36046189,52.39799991],[13.36233462,52.3971746],[13.36415449,52.39662304],[13.36496218,52.39632746],[13.36580833,52.3960163],[13.36820559,52.39515293],[13.36897481,52.39486506],[13.37187213,52.39377576],[13.371822,52.39359566],[13.37025325,52.38838042],[13.37174993,52.38834453],[13.37584394,52.38814983],[13.37867074,52.38812449],[13.38525604,52.3884355],[13.38723798,52.38854126],[13.38731675,52.38816579],[13.38790013,52.38434808],[13.38799316,52.38369874],[13.38803423,52.38319799],[13.38811589,52.38228255],[13.38806757,52.38175814],[13.38802122,52.38086593],[13.38801542,52.37930609],[13.38813391,52.37894106],[13.38838281,52.37783815]]},"geometry_name":"geom","properties":{"gisid":98,"objekt":"Vorderlandmauer"},"bbox":[13.34296281,52.37783815,13.38838281,52.40766293],"__layer":"a_grenzmauer"},{"type":"Feature","id":"a_grenzmauer.99","geometry":{"type":"LineString","coordinates":[[13.28209145,52.40783293],[13.28285229,52.40825681],[13.28464979,52.409267],[13.28595586,52.40998771],[13.28736026,52.41077095],[13.28805962,52.41113659],[13.28851031,52.41140052],[13.28932668,52.41187404],[13.2903192,52.4124392],[13.29105499,52.41291346],[13.29240533,52.41362629],[13.29376081,52.41398503],[13.29521881,52.41433316],[13.29588376,52.41450131],[13.29718584,52.41322938],[13.29838424,52.41212148],[13.30004657,52.41056879],[13.30219784,52.40863397],[13.30380774,52.40721412],[13.30482594,52.4062074],[13.30724803,52.40392107],[13.3082402,52.40295337],[13.30910412,52.40202445],[13.3100347,52.40108407],[13.31079457,52.4003818],[13.31115524,52.40003844],[13.31204496,52.39906261],[13.31382638,52.40042899],[13.3144895,52.40073595],[13.31580373,52.40124025],[13.31864865,52.40241371],[13.31959281,52.40279179],[13.32057497,52.4031167],[13.32385906,52.40436314],[13.32742066,52.40571754],[13.32970745,52.40656214],[13.33443634,52.40832299],[13.33683618,52.40921318],[13.33861057,52.40987487],[13.33998893,52.41044166],[13.341291,52.41093783],[13.34190357,52.41119755]]},"geometry_name":"geom","properties":{"gisid":99,"objekt":"Vorderlandmauer"},"bbox":[13.28209145,52.39906261,13.34190357,52.41450131],"__layer":"a_grenzmauer"},{"type":"Feature","id":"a_grenzmauer.100","geometry":{"type":"LineString","coordinates":[[13.24865152,52.40430208],[13.25005146,52.40481763],[13.2501787,52.40486773],[13.25104667,52.40516152],[13.25164837,52.40537638],[13.25212283,52.40554115],[13.25250499,52.40564174],[13.25311915,52.40575726],[13.25360583,52.40585107],[13.25393026,52.40591598],[13.25442867,52.40599563],[13.2549275,52.4060256],[13.25532187,52.40605523],[13.25590206,52.40607125],[13.25623858,52.4060794],[13.25668898,52.40608428],[13.25712053,52.40609636],[13.25745699,52.40611161],[13.25793302,52.4060918],[13.25842101,52.40602943],[13.25888585,52.4059599],[13.25965303,52.40582031],[13.26040902,52.405631],[13.26102555,52.40546255],[13.2619331,52.40518852],[13.26291028,52.40491469],[13.26373634,52.40466879],[13.26448074,52.40447232],[13.26546897,52.40426239],[13.26629459,52.40406615],[13.26684029,52.40403942],[13.26803567,52.40404306],[13.26883658,52.40403129],[13.26975343,52.40403406],[13.27035709,52.40401458],[13.27096024,52.40405899],[13.27157506,52.40409633],[13.27258384,52.40421293],[13.27365038,52.40436519],[13.27510011,52.40452524],[13.27576124,52.40464877],[13.2758993,52.40469841],[13.27625841,52.40478465],[13.27681465,52.40489278],[13.28209145,52.40783293]]},"geometry_name":"geom","properties":{"gisid":100,"objekt":"Vorderlandmauer"},"bbox":[13.24865152,52.40401458,13.28209145,52.40783293],"__layer":"a_grenzmauer"},{"type":"Feature","id":"a_grenzmauer.102","geometry":{"type":"LineString","coordinates":[[13.19743071,52.41172458],[13.19763044,52.41215829],[13.19773926,52.41254103],[13.19780659,52.41297483],[13.21065882,52.4166624],[13.21703953,52.41886236],[13.21998254,52.41964424],[13.22084746,52.41985176],[13.222486,52.42027577],[13.22347218,52.42053018],[13.22421565,52.42071867],[13.22471656,52.42082265]]},"geometry_name":"geom","properties":{"gisid":102,"objekt":"Vorderlandmauer"},"bbox":[13.19743071,52.41172458,13.22471656,52.42082265],"__layer":"a_grenzmauer"},{"type":"Feature","id":"a_grenzmauer.103","geometry":{"type":"LineString","coordinates":[[13.17212453,52.39833309],[13.17013028,52.39786685],[13.16938647,52.39878116],[13.1691742,52.39903502],[13.1691728,52.40185428],[13.16956208,52.40448823],[13.17021922,52.40539089],[13.17196302,52.40594108],[13.17606341,52.40687389],[13.18084276,52.40829041]]},"geometry_name":"geom","properties":{"gisid":103,"objekt":"Vorderlandmauer"},"bbox":[13.1691728,52.39786685,13.18084276,52.40829041],"__layer":"a_grenzmauer"},{"type":"Feature","id":"a_grenzmauer.104","geometry":{"type":"LineString","coordinates":[[13.19669029,52.41187906],[13.19684422,52.41231381],[13.19690612,52.41254644],[13.19691662,52.41281084],[13.18805307,52.41038362],[13.18749882,52.41026267],[13.18084276,52.40829041]]},"geometry_name":"geom","properties":{"gisid":104,"objekt":"Vorderlandmauer"},"bbox":[13.18084276,52.40829041,13.19691662,52.41281084],"__layer":"a_grenzmauer"},{"type":"Feature","id":"a_grenzmauer.105","geometry":{"type":"LineString","coordinates":[[13.12772693,52.38812874],[13.12825713,52.38863232],[13.12890886,52.38825267],[13.12941297,52.3879576],[13.13073987,52.38724845],[13.13100077,52.38716583],[13.13126102,52.3871418]]},"geometry_name":"geom","properties":{"gisid":105,"objekt":"Vorderlandmauer"},"bbox":[13.12772693,52.3871418,13.13126102,52.38863232],"__layer":"a_grenzmauer"},{"type":"Feature","id":"a_grenzmauer.106","geometry":{"type":"LineString","coordinates":[[13.12601849,52.39562743],[13.12671109,52.3955713],[13.12769245,52.39559513],[13.12847871,52.39579533],[13.12886358,52.39591508],[13.13014538,52.39641268],[13.13075378,52.39669087],[13.13109006,52.39683994],[13.13158637,52.39706843],[13.13197027,52.39727676],[13.13251454,52.39753499],[13.13312286,52.39782301],[13.13416338,52.39831955],[13.13491622,52.3986377],[13.13632538,52.3981858],[13.13672601,52.39809849],[13.13710027,52.3980391],[13.13759923,52.39796499],[13.13804308,52.39784345],[13.13800443,52.39770055],[13.13526343,52.39744308],[13.13512013,52.39730467],[13.1356962,52.39615039]]},"geometry_name":"geom","properties":{"gisid":106,"objekt":"Vorderlandmauer"},"bbox":[13.12601849,52.3955713,13.13804308,52.3986377],"__layer":"a_grenzmauer"},{"type":"Feature","id":"a_grenzmauer.107","geometry":{"type":"LineString","coordinates":[[13.13455921,52.48470933],[13.13379114,52.48408942],[13.1334283,52.48381407],[13.13285478,52.48337931],[13.13094841,52.48192022],[13.12843113,52.48000265],[13.12685293,52.47901894],[13.1262267,52.47872505],[13.12405125,52.4783346],[13.12005426,52.47767549],[13.1179928,52.47733516],[13.11785277,52.47719764],[13.11774864,52.47497046],[13.11729074,52.47476672],[13.1150848,52.47366905],[13.11495683,52.47350996],[13.11481765,52.47330038],[13.11503633,52.47276086],[13.11520546,52.4724229],[13.1152906,52.47228216],[13.11423182,52.47192145],[13.11273926,52.47139613],[13.11122346,52.47084186],[13.11110597,52.47079811],[13.1106945,52.4706666],[13.11051978,52.47047127],[13.11036032,52.46998055],[13.11021865,52.46897826],[13.10872502,52.46642454],[13.10776972,52.46514123],[13.10742599,52.46463507],[13.10736677,52.46394346],[13.10755558,52.46264672],[13.10794395,52.46152451],[13.10792609,52.46127063],[13.10788644,52.46111037],[13.10784104,52.46092691],[13.10771283,52.46064661],[13.10586278,52.45894372],[13.10573763,52.45879843],[13.10569088,52.45869829],[13.10563321,52.45857478],[13.10557515,52.45850882],[13.10557677,52.45837191],[13.10560164,52.45826392],[13.10559086,52.4581774],[13.10569847,52.45805537],[13.10597149,52.45791244],[13.10643257,52.457828],[13.10898188,52.45873276],[13.1093447,52.45897936],[13.10963869,52.45905992],[13.1098271,52.45908956],[13.11007483,52.45909065],[13.11037016,52.45905591],[13.11139037,52.45888751],[13.11127425,52.45755423],[13.11116312,52.45681822],[13.11184931,52.45664825],[13.11220604,52.45640479],[13.11177021,52.45432749],[13.11159892,52.45384393],[13.11097292,52.45290438],[13.11022714,52.45212285],[13.10909978,52.45069108],[13.11185,52.44849797],[13.11339844,52.44719315],[13.11522944,52.44567836],[13.11667774,52.44510311],[13.11897914,52.44394822],[13.11898737,52.44372944]]},"geometry_name":"geom","properties":{"gisid":107,"objekt":"Vorderlandmauer"},"bbox":[13.10557515,52.44372944,13.13455921,52.48470933],"__layer":"a_grenzmauer"},{"type":"Feature","id":"a_grenzmauer.108","geometry":{"type":"LineString","coordinates":[[13.14301662,52.523896],[13.14296968,52.51968113],[13.14514515,52.51759856],[13.1454341,52.51743595],[13.14743822,52.51704181],[13.14893424,52.51648777],[13.1513395,52.51558842],[13.15334339,52.51460942],[13.15797224,52.51287559],[13.15856295,52.51286351],[13.16509864,52.51041932],[13.16868754,52.5092568],[13.16788835,52.50887899],[13.16740438,52.50852342],[13.16482247,52.50672682],[13.16185566,52.50472629],[13.15833566,52.50257938],[13.15716412,52.50170279],[13.15649598,52.50123894],[13.15420587,52.49959299],[13.15136467,52.4974568],[13.14989862,52.49654292],[13.14878558,52.49574574],[13.14754459,52.49477509],[13.1464558,52.49392755],[13.14495723,52.49276847],[13.14260407,52.49095731],[13.14128151,52.48991419],[13.14054424,52.48932746],[13.13914901,52.48832164],[13.13847227,52.48774077],[13.13770291,52.48716228],[13.13695083,52.48655266],[13.13674012,52.48639325],[13.13602618,52.48584262],[13.13538762,52.48535604],[13.13455921,52.48470933]]},"geometry_name":"geom","properties":{"gisid":108,"objekt":"Vorderlandmauer"},"bbox":[13.13455921,52.48470933,13.16868754,52.523896],"__layer":"a_grenzmauer"},{"type":"Feature","id":"a_grenzmauer.109","geometry":{"type":"LineString","coordinates":[[13.1412452,52.53765636],[13.14181137,52.53761754],[13.14181997,52.53713339],[13.14184421,52.53693767],[13.14187957,52.53503297],[13.14190699,52.53468929],[13.1417552,52.53351412],[13.14156141,52.53270196],[13.14133963,52.53212923],[13.1409546,52.53142446],[13.14252039,52.53076633],[13.14495218,52.52970216],[13.14403645,52.52770479],[13.14337598,52.52431923]]},"geometry_name":"geom","properties":{"gisid":109,"objekt":"Vorderlandmauer"},"bbox":[13.1409546,52.52431923,13.14495218,52.53765636],"__layer":"a_grenzmauer"},{"type":"Feature","id":"a_grenzmauer.110","geometry":{"type":"LineString","coordinates":[[13.13242922,52.57954685],[13.13285876,52.57956342],[13.13538091,52.5799384],[13.13732577,52.58036296],[13.13901827,52.58029805],[13.13925392,52.58033497],[13.14011572,52.58067404],[13.14213563,52.58124553],[13.14380466,52.58152796],[13.14425618,52.58161368],[13.14535788,52.58218045],[13.14955631,52.58327557],[13.14964442,52.58289649],[13.15060563,52.58203114],[13.1521082,52.57953638],[13.15264466,52.57814237],[13.15277925,52.57742428],[13.15282056,52.57712308],[13.15241455,52.57125649],[13.15229615,52.57047556],[13.15118508,52.5700152],[13.15110526,52.56918806],[13.15025699,52.56788647],[13.14990676,52.56694905]]},"geometry_name":"geom","properties":{"gisid":110,"objekt":"Vorderlandmauer"},"bbox":[13.13242922,52.56694905,13.15282056,52.58327557],"__layer":"a_grenzmauer"},{"type":"Feature","id":"a_grenzmauer.111","geometry":{"type":"LineString","coordinates":[[13.16477195,52.59883401],[13.15691534,52.5977564],[13.15353511,52.59592545],[13.14969237,52.59251183],[13.14463988,52.59043627],[13.14050504,52.58951317],[13.13776442,52.5888899],[13.13571666,52.58764868],[13.13266753,52.58708581],[13.13056778,52.58715794],[13.12862394,52.58753815],[13.12779214,52.58591645],[13.12761214,52.58305148],[13.12991768,52.58154774],[13.13178668,52.57962096]]},"geometry_name":"geom","properties":{"gisid":111,"objekt":"Vorderlandmauer"},"bbox":[13.12761214,52.57962096,13.16477195,52.59883401],"__layer":"a_grenzmauer"},{"type":"Feature","id":"a_grenzmauer.112","geometry":{"type":"LineString","coordinates":[[13.30075122,52.65342874],[13.3044116,52.65500837],[13.30581785,52.65556237],[13.30725052,52.65614878],[13.31034631,52.65728775],[13.30925962,52.65798271],[13.30778871,52.65898202],[13.30707624,52.65967597]]},"geometry_name":"geom","properties":{"gisid":112,"objekt":"Vorderlandmauer"},"bbox":[13.30075122,52.65342874,13.31034631,52.65967597],"__layer":"a_grenzmauer"},{"type":"Feature","id":"a_grenzmauer.113","geometry":{"type":"LineString","coordinates":[[13.30722662,52.63752357],[13.3070895,52.63808956],[13.30702946,52.63902794],[13.30745105,52.63957925],[13.30792761,52.63988799],[13.30831044,52.64024993],[13.30834651,52.64081147]]},"geometry_name":"geom","properties":{"gisid":113,"objekt":"Vorderlandmauer"},"bbox":[13.30702946,52.63752357,13.30834651,52.64081147],"__layer":"a_grenzmauer"},{"type":"Feature","id":"a_grenzmauer.114","geometry":{"type":"LineString","coordinates":[[13.31640768,52.62736804],[13.31482448,52.62775869],[13.31404281,52.62797882],[13.31357721,52.62809879],[13.3131451,52.62817844],[13.31287509,52.62823988],[13.31238743,52.62824369],[13.31191658,52.62821558],[13.31109355,52.62816734],[13.30989137,52.62804805],[13.30868845,52.62801002],[13.30812417,52.62793097],[13.30695268,52.6277983],[13.30537728,52.62760719],[13.30390156,52.62740624],[13.30365282,52.62737526],[13.30299782,52.62729268],[13.30275731,52.62727182],[13.30264535,52.62726141],[13.30259362,52.62752386],[13.30313551,52.62775259],[13.30445293,52.62803897],[13.30530604,52.62826853],[13.30604243,52.62857352],[13.3065065,52.62866567],[13.30711667,52.62876552],[13.30750699,52.628852],[13.30795701,52.62891702],[13.30838805,52.62898888],[13.30877729,52.62910102],[13.309092,52.62919276],[13.30929066,52.62926399],[13.30964646,52.62941139],[13.30988608,52.62955848],[13.31008405,52.62972565],[13.31026951,52.62998484]]},"geometry_name":"geom","properties":{"gisid":114,"objekt":"Vorderlandmauer"},"bbox":[13.30259362,52.62726141,13.31640768,52.62998484],"__layer":"a_grenzmauer"},{"type":"Feature","id":"a_grenzmauer.115","geometry":{"type":"LineString","coordinates":[[13.39838034,52.55480854],[13.39827561,52.55522511],[13.39809771,52.55604498],[13.39794296,52.55658708],[13.39776463,52.55748632],[13.39760959,52.55808134],[13.39745248,52.55907323],[13.39716311,52.56044851]]},"geometry_name":"geom","properties":{"gisid":115,"objekt":"Vorderlandmauer"},"bbox":[13.39716311,52.55480854,13.39838034,52.56044851],"__layer":"a_grenzmauer"},{"type":"Feature","id":"a_grenzmauer.116","geometry":{"type":"LineString","coordinates":[[13.37492498,52.53732564],[13.37641968,52.53825854],[13.37956022,52.54013353],[13.37970871,52.54011569],[13.38018888,52.53955919],[13.38274829,52.53717585],[13.38637726,52.53412739],[13.38767717,52.53316676]]},"geometry_name":"geom","properties":{"gisid":116,"objekt":"Vorderlandmauer"},"bbox":[13.37492498,52.53316676,13.38767717,52.54013353],"__layer":"a_grenzmauer"},{"type":"Feature","id":"a_grenzmauer.117","geometry":{"type":"LineString","coordinates":[[13.37417645,52.52777326],[13.37433529,52.52740315],[13.37439582,52.5271833],[13.37433789,52.5269507],[13.37427272,52.52676473],[13.37414136,52.52657054],[13.37387799,52.52629527],[13.37344233,52.52603579],[13.37346269,52.52362442],[13.37361745,52.52322444],[13.37414804,52.5230963],[13.37445321,52.52300807],[13.37485152,52.52284733],[13.37509054,52.5227428],[13.37543595,52.52256578],[13.37572824,52.52241289],[13.3761006,52.52215513],[13.37623374,52.52203422],[13.3763937,52.5218568],[13.37666133,52.52138067],[13.37687825,52.52050044],[13.37691854,52.52040357],[13.37705209,52.52020994],[13.3773048,52.52002464],[13.37759716,52.51985559],[13.37800858,52.51971102],[13.37828718,52.51963081],[13.37868499,52.51955084],[13.37918866,52.51948726],[13.38002301,52.51950516]]},"geometry_name":"geom","properties":{"gisid":117,"objekt":"Vorderlandmauer"},"bbox":[13.37344233,52.51948726,13.38002301,52.52777326],"__layer":"a_grenzmauer"},{"type":"Feature","id":"a_grenzmauer.118","geometry":{"type":"LineString","coordinates":[[13.45062819,52.49685457],[13.45088351,52.49702841],[13.45103946,52.4971121],[13.45120608,52.49718942]]},"geometry_name":"geom","properties":{"gisid":118,"objekt":"Vorderlandmauer"},"bbox":[13.45062819,52.49685457,13.45120608,52.49718942],"__layer":"a_grenzmauer"},{"type":"Feature","id":"a_grenzmauer.119","geometry":{"type":"LineString","coordinates":[[13.47503907,52.45870454],[13.47231889,52.45878847],[13.47231308,52.4588759],[13.4572566,52.45921276],[13.45709104,52.45914497],[13.45711429,52.45899601],[13.45894853,52.4566105],[13.45942089,52.45591178],[13.46037761,52.45451432],[13.46096138,52.45357941],[13.46144563,52.45288066],[13.46153502,52.4527825],[13.46177659,52.45258151],[13.46253985,52.45161847],[13.46287632,52.45123396],[13.46311363,52.45113657],[13.46346461,52.45073533],[13.46408289,52.45013179],[13.46519347,52.44934434],[13.46561246,52.44906866],[13.46691827,52.44842788],[13.46819003,52.44782584],[13.46961428,52.44713177],[13.46979784,52.44714649],[13.47080646,52.44666648],[13.47620391,52.44405203],[13.47663518,52.44392869],[13.47823448,52.44314862],[13.47881958,52.44279474],[13.48011939,52.44209431],[13.48322874,52.44059019],[13.48425088,52.44005866],[13.4846711,52.43993146],[13.48484695,52.43985115],[13.48921525,52.43776312],[13.48942827,52.43759464],[13.49452921,52.43508384],[13.4947524,52.43504051],[13.4973293,52.43380786],[13.49752332,52.4336654],[13.49822476,52.43330137],[13.4984748,52.43322976],[13.49865241,52.43314478],[13.50107776,52.43196671],[13.5044432,52.4303326]]},"geometry_name":"geom","properties":{"gisid":119,"objekt":"Vorderlandmauer"},"bbox":[13.45709104,52.4303326,13.5044432,52.45921276],"__layer":"a_grenzmauer"},{"type":"Feature","id":"a_grenzmauer.120","geometry":{"type":"LineString","coordinates":[[13.5044432,52.4303326],[13.50655852,52.42936768],[13.50781456,52.42885469],[13.50879184,52.42856539],[13.50968544,52.42828601],[13.5106273,52.42800667],[13.51200361,52.42768349],[13.51284861,52.42752204],[13.51405568,52.42731668],[13.51543158,52.42714097],[13.51774855,52.42696612],[13.5198483,52.42680578],[13.52050938,52.42659227],[13.52047248,52.42613537],[13.52030857,52.42581774],[13.51974067,52.42494997],[13.51971614,52.42461698],[13.51855496,52.42292785],[13.51879722,52.42226988],[13.51952112,52.42146523],[13.51988867,52.42136489],[13.52016806,52.42105541],[13.52051054,52.4208389],[13.52084289,52.41956928],[13.52182011,52.41871837],[13.52228968,52.41830838],[13.5222545,52.41711586],[13.52252259,52.41621012],[13.52295493,52.41545938],[13.52241272,52.41446775],[13.52267888,52.41437506],[13.5227173,52.41418925],[13.52343983,52.41388789],[13.5242129,52.41362528],[13.52370744,52.41316798],[13.52325274,52.41266426],[13.52343058,52.41242437],[13.52301336,52.41214524],[13.52348301,52.41166556],[13.52295257,52.41106885],[13.52334583,52.41075946],[13.52249006,52.40852085],[13.52180921,52.40730452]]},"geometry_name":"geom","properties":{"gisid":120,"objekt":"Vorderlandmauer"},"bbox":[13.5044432,52.40730452,13.5242129,52.4303326],"__layer":"a_grenzmauer"},{"type":"Feature","id":"a_grenzmauer.121","geometry":{"type":"LineString","coordinates":[[13.51603976,52.40177466],[13.51745062,52.40324064],[13.51912127,52.40440745],[13.52013564,52.40545798],[13.52081138,52.40628924],[13.52087448,52.40637448],[13.52180921,52.40730452]]},"geometry_name":"geom","properties":{"gisid":121,"objekt":"Vorderlandmauer"},"bbox":[13.51603976,52.40177466,13.52180921,52.40730452],"__layer":"a_grenzmauer"},{"type":"Feature","id":"a_grenzmauer.122","geometry":{"type":"LineString","coordinates":[[13.24742851,52.41734854],[13.24749133,52.41711092],[13.2479653,52.41433028],[13.2479448,52.41204688],[13.2479839,52.41122383],[13.24797837,52.40999885],[13.24798206,52.40956767],[13.24822654,52.40908827],[13.24760678,52.40754773],[13.24774281,52.40729518],[13.24947764,52.40519198],[13.24828964,52.40478023]]},"geometry_name":"geom","properties":{"gisid":122,"objekt":"Vorderlandmauer"},"bbox":[13.24742851,52.40478023,13.24947764,52.41734854],"__layer":"a_grenzmauer"},{"type":"Feature","id":"a_grenzmauer.123","geometry":{"type":"LineString","coordinates":[[13.22535997,52.42080171],[13.22652684,52.42076371],[13.22763801,52.42065143],[13.22853869,52.42054641],[13.23053202,52.42043985],[13.23259823,52.42030073],[13.23304232,52.42027663],[13.23567406,52.42080266],[13.23631198,52.42080477],[13.23723876,52.42075489],[13.24393881,52.4210169],[13.2459436,52.42109557],[13.24710175,52.41872844],[13.24725135,52.41801874],[13.24742851,52.41734854]]},"geometry_name":"geom","properties":{"gisid":123,"objekt":"Vorderlandmauer"},"bbox":[13.22535997,52.41734854,13.24742851,52.42109557],"__layer":"a_grenzmauer"},{"type":"Feature","id":"a_grenzmauer.124","geometry":{"type":"LineString","coordinates":[[13.13097284,52.39175251],[13.12724187,52.39166252],[13.12670438,52.38957561],[13.12805479,52.38875842],[13.12754831,52.38825499]]},"geometry_name":"geom","properties":{"gisid":124,"objekt":"Vorderlandmauer"},"bbox":[13.12670438,52.38825499,13.13097284,52.39175251],"__layer":"a_grenzmauer"},{"type":"Feature","id":"a_grenzmauer.125","geometry":{"type":"LineString","coordinates":[[13.09799217,52.40989746],[13.09826534,52.40993806],[13.09871583,52.41035362],[13.09894787,52.41074832],[13.09895962,52.41111261],[13.09777841,52.41161922],[13.09649518,52.41304492],[13.09768275,52.4133026],[13.0983313,52.41340548],[13.09912365,52.41355467],[13.10021921,52.41369088],[13.10069728,52.41368392],[13.1005503,52.41316663],[13.10101435,52.4117405],[13.10102779,52.4116407],[13.10102381,52.41128866],[13.10095301,52.41052705],[13.10461358,52.40972179],[13.10522027,52.4098705],[13.10575551,52.40952832],[13.10609377,52.40951012],[13.10691261,52.40969092],[13.10713484,52.40995768],[13.10715549,52.41064982],[13.10726045,52.41119923],[13.10732379,52.41149928],[13.10745267,52.41191248],[13.10746851,52.41213602],[13.10745045,52.41228324],[13.10737732,52.41263439],[13.10728558,52.41285586],[13.1071614,52.41317681],[13.10735681,52.41330393],[13.10769966,52.41331292],[13.10961127,52.41293161],[13.11007918,52.41124102],[13.11144867,52.41136458],[13.11171678,52.41046009],[13.11038189,52.41035583],[13.11063594,52.40948516],[13.10847894,52.4092745],[13.10688285,52.40948406],[13.10613987,52.40832903],[13.10502994,52.40826508],[13.10445269,52.40807549],[13.10400282,52.40800459],[13.10343853,52.40808085]]},"geometry_name":"geom","properties":{"gisid":125,"objekt":"Vorderlandmauer"},"bbox":[13.09649518,52.40800459,13.11171678,52.41369088],"__layer":"a_grenzmauer"},{"type":"Feature","id":"a_grenzmauer.126","geometry":{"type":"LineString","coordinates":[[13.10598899,52.43547892],[13.10653804,52.43482112],[13.10648891,52.43454487],[13.10649708,52.43385122],[13.10641843,52.43311596],[13.10631703,52.43287477],[13.1061537,52.43275903],[13.1059928,52.432645],[13.10562433,52.4325483],[13.10361575,52.43321333],[13.1029532,52.43292067],[13.10151108,52.43173392],[13.10074209,52.43086654],[13.10054332,52.43047252],[13.10006664,52.42939189],[13.09972956,52.42834392],[13.09937185,52.42804949],[13.09916446,52.42764877],[13.09914013,52.42748667]]},"geometry_name":"geom","properties":{"gisid":126,"objekt":"Vorderlandmauer"},"bbox":[13.09914013,52.42748667,13.10653804,52.43547892],"__layer":"a_grenzmauer"},{"type":"Feature","id":"a_grenzmauer.127","geometry":{"type":"LineString","coordinates":[[13.14142265,52.53787691],[13.14192295,52.53784209],[13.14220528,52.53856879],[13.14271325,52.53973078],[13.14286755,52.54068186],[13.14302067,52.54174113],[13.14311577,52.54231334],[13.14373121,52.54628767],[13.14376694,52.54649645],[13.14386206,52.54706866],[13.14381997,52.54743939],[13.14364951,52.54795643],[13.1435181,52.54814933],[13.14348108,52.54828801],[13.1414412,52.55164876],[13.14136003,52.55211206],[13.14145247,52.55245067],[13.14308412,52.55211139],[13.14572345,52.55304169],[13.14713377,52.55507968],[13.14659716,52.55859754],[13.14613215,52.55932421],[13.1455391,52.56079406],[13.1468754,52.56150266],[13.14732321,52.56248939],[13.14738939,52.56339759],[13.14732897,52.56426603],[13.1477112,52.56488141],[13.14990676,52.56694905]]},"geometry_name":"geom","properties":{"gisid":127,"objekt":"Vorderlandmauer"},"bbox":[13.14136003,52.53784209,13.14990676,52.56694905],"__layer":"a_grenzmauer"},{"type":"Feature","id":"a_grenzmauer.128","geometry":{"type":"LineString","coordinates":[[13.20986323,52.61616426],[13.20938761,52.6161524],[13.20790269,52.61574261],[13.20514618,52.61398701],[13.2049829,52.61377398],[13.20491243,52.61346065],[13.20501051,52.61281248],[13.20517731,52.61162276],[13.20496899,52.61156347],[13.20479385,52.61149202],[13.20470007,52.6114916],[13.20448788,52.6114423],[13.20424957,52.61134436],[13.20409132,52.61121434],[13.20401313,52.61105224],[13.20406848,52.61082589],[13.20412262,52.61063675],[13.20422413,52.61053983],[13.20425356,52.61036255],[13.20428674,52.61024413],[13.20431457,52.61011477],[13.20428923,52.60998523],[13.20415773,52.60983912],[13.20357668,52.60944868],[13.20302362,52.6089127],[13.20217569,52.60863457],[13.20191784,52.60843925],[13.20151057,52.60819452],[13.20129021,52.60804313],[13.20056432,52.60759315],[13.20000911,52.6061386],[13.19997809,52.60594475],[13.19983958,52.60558399],[13.20011245,52.60485678],[13.19950728,52.60422351],[13.19927234,52.60378575],[13.19932833,52.60349468],[13.19953126,52.60317084],[13.20027254,52.60271757],[13.20034676,52.60262453],[13.20053485,52.60241484],[13.20059083,52.60212377],[13.20059334,52.60186487],[13.20059836,52.60134707],[13.20073517,52.60096717],[13.20125315,52.60057768],[13.20177681,52.60041275]]},"geometry_name":"geom","properties":{"gisid":128,"objekt":"Vorderlandmauer"},"bbox":[13.19927234,52.60041275,13.20986323,52.61616426],"__layer":"a_grenzmauer"},{"type":"Feature","id":"a_grenzmauer.129","geometry":{"type":"LineString","coordinates":[[13.21087638,52.61605348],[13.21096124,52.61679175],[13.21122716,52.6178102],[13.21135036,52.61838088],[13.21176792,52.61890787],[13.21225973,52.61935685],[13.21267773,52.61983912],[13.21331579,52.62036687],[13.21397192,52.62092823],[13.21422619,52.6212422],[13.21599601,52.62452451],[13.21744955,52.62825296],[13.21753861,52.62855517]]},"geometry_name":"geom","properties":{"gisid":129,"objekt":"Unterwassergrenze"},"bbox":[13.21087638,52.61605348,13.21753861,52.62855517],"__layer":"a_grenzmauer"},{"type":"Feature","id":"a_grenzmauer.130","geometry":{"type":"LineString","coordinates":[[13.30617603,52.63666905],[13.3064113,52.63629771],[13.30932579,52.63284719],[13.3096616,52.6323054],[13.30989483,52.63160559],[13.31012823,52.63088053],[13.31021283,52.63065358],[13.31026195,52.6303151],[13.31026951,52.62998484]]},"geometry_name":"geom","properties":{"gisid":130,"objekt":"Vorderlandmauer"},"bbox":[13.30617603,52.62998484,13.31026951,52.63666905],"__layer":"a_grenzmauer"},{"type":"Feature","id":"a_grenzmauer.131","geometry":{"type":"LineString","coordinates":[[13.36071206,52.59118211],[13.36409584,52.59401383],[13.36975707,52.5987332],[13.37107881,52.59999459],[13.3730042,52.60277392],[13.37411842,52.60456499],[13.37633885,52.60784056],[13.37648906,52.61101334],[13.37585178,52.61333099],[13.37452187,52.61562498],[13.37206366,52.6192683],[13.37099363,52.62074936],[13.36985796,52.62216968],[13.36877657,52.62340024],[13.36832143,52.62391363],[13.36806384,52.62425999],[13.36777792,52.62469063],[13.36727281,52.62547998],[13.36671223,52.62596979],[13.36596629,52.62658809],[13.36563146,52.62669501],[13.36022625,52.62653943],[13.35536582,52.62730596],[13.35507086,52.62731725],[13.35137375,52.62635318],[13.35106646,52.62632693],[13.34875979,52.62638822],[13.34734074,52.62633676],[13.34703795,52.62625697],[13.34676181,52.62625449],[13.34263721,52.62725786],[13.34102355,52.6276171],[13.34041213,52.62767968],[13.33873767,52.62763763],[13.33761919,52.62740773],[13.33847057,52.62611173],[13.33842671,52.62585271],[13.33834045,52.62570743],[13.33808091,52.62555484],[13.33606898,52.62511208],[13.33550643,52.62509452],[13.3338105,52.62528806],[13.33353967,52.62529837],[13.33341398,52.62528125],[13.33328155,52.62523042],[13.33316605,52.62512914],[13.3331334,52.62504826],[13.33310142,52.62486639],[13.33303605,52.62471473],[13.33295415,52.62455293],[13.33262378,52.62431982],[13.33206012,52.62422752],[13.3317773,52.62432781],[13.3291979,52.62535153],[13.32715383,52.62574027],[13.32557555,52.62596856],[13.32371349,52.6264284],[13.31897799,52.62676761],[13.31753584,52.62717367],[13.31640768,52.62736804]]},"geometry_name":"geom","properties":{"gisid":131,"objekt":"Vorderlandmauer"},"bbox":[13.31640768,52.59118211,13.37648906,52.62767968],"__layer":"a_grenzmauer"},{"type":"Feature","id":"a_grenzmauer.132","geometry":{"type":"LineString","coordinates":[[13.37115914,52.57742313],[13.36526722,52.58074908],[13.36404649,52.58158735],[13.36357323,52.58147334],[13.35939678,52.58378608],[13.35933419,52.58391146],[13.35885817,52.58424929],[13.35790895,52.58446052],[13.35232578,52.58753548],[13.35230423,52.58768605],[13.35142469,52.58811537],[13.34993675,52.58892782],[13.350068,52.58935025],[13.34916151,52.58929792],[13.347714,52.59006019],[13.35061664,52.59059417],[13.35181107,52.59074757],[13.35413937,52.59085337],[13.35535559,52.5908185],[13.35811648,52.59096287],[13.36071206,52.59118211]]},"geometry_name":"geom","properties":{"gisid":132,"objekt":"Vorderlandmauer"},"bbox":[13.347714,52.57742313,13.37115914,52.59118211],"__layer":"a_grenzmauer"},{"type":"Feature","id":"a_grenzmauer.133","geometry":{"type":"LineString","coordinates":[[13.38836581,52.56953284],[13.38705922,52.57024458],[13.38309548,52.57243254],[13.38220694,52.57212644],[13.37974567,52.57261593],[13.37883659,52.57356072],[13.37681472,52.57500547],[13.37522769,52.57574989],[13.37233617,52.5769738],[13.37115914,52.57742313]]},"geometry_name":"geom","properties":{"gisid":133,"objekt":"Vorderlandmauer"},"bbox":[13.37115914,52.56953284,13.38836581,52.57742313],"__layer":"a_grenzmauer"},{"type":"Feature","id":"a_grenzmauer.134","geometry":{"type":"LineString","coordinates":[[13.39865534,52.55371469],[13.39880749,52.55310945],[13.39906629,52.55183484],[13.39907841,52.5510859],[13.39929543,52.55108631],[13.39946973,52.55095436],[13.39890602,52.55084744],[13.39926229,52.54910186],[13.40040458,52.54641851],[13.40055791,52.54614099],[13.40356101,52.54019351],[13.39640763,52.53820766],[13.39588018,52.53808877],[13.39348416,52.53741476],[13.3929921,52.5371388],[13.39023691,52.53539931],[13.38883908,52.53422489],[13.38832107,52.53373436],[13.38801443,52.53328386],[13.38767717,52.53316676]]},"geometry_name":"geom","properties":{"gisid":134,"objekt":"Vorderlandmauer"},"bbox":[13.38767717,52.53316676,13.40356101,52.55371469],"__layer":"a_grenzmauer"},{"type":"Feature","id":"a_grenzmauer.135","geometry":{"type":"LineString","coordinates":[[13.10010766,52.40889443],[13.10002293,52.4089431],[13.09878385,52.4096549],[13.09867872,52.40968711],[13.09862271,52.40970427],[13.09799217,52.40989746]]},"geometry_name":"geom","properties":{"gisid":135,"objekt":"Vorderlandmauer"},"bbox":[13.09799217,52.40889443,13.10010766,52.40989746],"__layer":"a_grenzmauer"},{"type":"Feature","id":"a_grenzmauer.136","geometry":{"type":"LineString","coordinates":[[13.13162627,52.39176826],[13.13245519,52.3923207],[13.13351378,52.39311209],[13.13414135,52.39350128],[13.13420565,52.39354117]]},"geometry_name":"geom","properties":{"gisid":136,"objekt":"Vorderlandmauer"},"bbox":[13.13162627,52.39176826,13.13420565,52.39354117],"__layer":"a_grenzmauer"},{"type":"Feature","id":"c_politischegrenze.12","geometry":{"type":"LineString","coordinates":[[13.36682296,52.62587304],[13.36675489,52.62563313],[13.36690961,52.62534636],[13.36683353,52.62527377],[13.36662074,52.62531728],[13.36647628,52.6253092],[13.36633147,52.62535803],[13.36624612,52.62541474],[13.36622458,52.62546384],[13.36614387,52.6254559],[13.36607198,52.62539367],[13.36599125,52.62538832],[13.36593135,52.62545544],[13.36588481,52.62541912],[13.36586,52.62530267],[13.36574111,52.62528172],[13.36562605,52.62533061],[13.36547576,52.62545976],[13.36529797,52.62546439],[13.36521743,52.625428],[13.36514161,52.62531143],[13.36504842,52.62524708],[13.36490821,52.62524884],[13.36472989,52.62525151],[13.36461931,52.62522751],[13.36465379,52.6251474],[13.36482498,52.62495121],[13.364817,52.62486325],[13.36475349,52.62482172],[13.3644132,52.62486494],[13.36423475,52.6248542],[13.36419277,52.62476616],[13.36408286,52.62466504],[13.36394679,52.62467509],[13.36391248,52.62472674],[13.36392489,52.62478367],[13.36400487,52.62491318],[13.36391966,52.62494661],[13.36378808,52.62491528],[13.36372002,52.62492548],[13.3636857,52.62497713],[13.36371487,52.62507549],[13.36350736,52.62494829],[13.36333339,52.62489875],[13.36321069,52.62489344],[13.36309669,52.62485661],[13.36285339,52.62484854],[13.36258583,52.62481173],[13.36249264,52.6247598],[13.36249446,52.62469446],[13.36250618,52.62462791],[13.36244272,52.62457863],[13.36228116,52.62458603],[13.36216637,52.62459094],[13.36215996,52.62452499],[13.36213312,52.62446671],[13.36209519,52.62441231],[13.36201897,52.62436558],[13.3619344,52.62429297],[13.36183676,52.62427206],[13.36178151,52.62427194],[13.36172615,52.62428992],[13.36160279,52.62430516],[13.36145819,52.62432036],[13.36128393,52.62431997],[13.36113527,52.62430153],[13.36100795,52.6242702],[13.36092329,52.62421311],[13.36093632,52.62416658],[13.36092839,52.62407345],[13.36089885,52.62403717],[13.36082243,52.62402407],[13.3606268,52.62404173],[13.36049073,52.62405177],[13.36043576,52.62400509],[13.36058962,52.62386576],[13.3605558,52.62383465],[13.36049211,52.62382416],[13.36032627,52.62383672],[13.360169,52.62383895],[13.36002869,52.6238464],[13.35996001,52.62395746],[13.35993871,52.6240157],[13.35982952,52.6240492],[13.35967611,52.62406659],[13.3596256,52.62402529],[13.35964113,52.62397485],[13.35963729,52.62390759],[13.35955703,52.62382464],[13.35949781,52.62377795],[13.35937084,52.62368972],[13.35927342,52.62363518],[13.35920151,52.62357812],[13.35921051,52.62349537],[13.3592068,52.62340742],[13.35920306,52.62332464]]},"geometry_name":"geom","properties":{"gisid":12,"objekt":"Politische Grenze"},"bbox":[13.35920151,52.62332464,13.36690961,52.62587304],"__layer":"c_politischegrenze"},{"type":"Feature","id":"c_politischegrenze.37","geometry":{"type":"LineString","coordinates":[[13.39000587,52.5076498],[13.39065638,52.50767757]]},"geometry_name":"geom","properties":{"gisid":37,"objekt":"Politische Grenze"},"bbox":[13.39000587,52.5076498,13.39065638,52.50767757],"__layer":"c_politischegrenze"},{"type":"Feature","id":"c_politischegrenze.45","geometry":{"type":"LineString","coordinates":[[13.41156657,52.50497804],[13.41185999,52.50484623]]},"geometry_name":"geom","properties":{"gisid":45,"objekt":"Politische Grenze"},"bbox":[13.41156657,52.50484623,13.41185999,52.50497804],"__layer":"c_politischegrenze"},{"type":"Feature","id":"c_politischegrenze.69","geometry":{"type":"LineString","coordinates":[[13.47719097,52.46193311],[13.47744355,52.46221993]]},"geometry_name":"geom","properties":{"gisid":69,"objekt":"Politische Grenze"},"bbox":[13.47719097,52.46193311,13.47744355,52.46221993],"__layer":"c_politischegrenze"},{"type":"Feature","id":"c_politischegrenze.75","geometry":{"type":"LineString","coordinates":[[13.51355704,52.4011354],[13.51409069,52.4012864]]},"geometry_name":"geom","properties":{"gisid":75,"objekt":"Politische Grenze"},"bbox":[13.51355704,52.4011354,13.51409069,52.4012864],"__layer":"c_politischegrenze"},{"type":"Feature","id":"c_politischegrenze.78","geometry":{"type":"LineString","coordinates":[[13.41769155,52.37621848],[13.41798291,52.3762071]]},"geometry_name":"geom","properties":{"gisid":78,"objekt":"Politische Grenze"},"bbox":[13.41769155,52.3762071,13.41798291,52.37621848],"__layer":"c_politischegrenze"},{"type":"Feature","id":"c_politischegrenze.112","geometry":{"type":"LineString","coordinates":[[13.13730338,52.39615459],[13.13861885,52.39598037]]},"geometry_name":"geom","properties":{"gisid":112,"objekt":"Politische Grenze"},"bbox":[13.13730338,52.39598037,13.13861885,52.39615459],"__layer":"c_politischegrenze"},{"type":"Feature","id":"c_politischegrenze.136","geometry":{"type":"LineString","coordinates":[[13.14337598,52.52431923],[13.14334956,52.52415908],[13.14325828,52.52397661]]},"geometry_name":"geom","properties":{"gisid":136,"objekt":"Politische Grenze"},"bbox":[13.14325828,52.52397661,13.14337598,52.52431923],"__layer":"c_politischegrenze"},{"type":"Feature","id":"c_politischegrenze.265","geometry":{"type":"LineString","coordinates":[[13.37453178,52.53704259],[13.37492498,52.53732564]]},"geometry_name":"geom","properties":{"gisid":265,"objekt":"Politische Grenze"},"bbox":[13.37453178,52.53704259,13.37492498,52.53732564],"__layer":"c_politischegrenze"},{"type":"Feature","id":"c_politischegrenze.284","geometry":{"type":"LineString","coordinates":[[13.47508756,52.45916572],[13.47503907,52.45870454]]},"geometry_name":"geom","properties":{"gisid":284,"objekt":"Politische Grenze"},"bbox":[13.47503907,52.45870454,13.47508756,52.45916572],"__layer":"c_politischegrenze"},{"type":"Feature","id":"c_politischegrenze.315","geometry":{"type":"LineString","coordinates":[[13.24118082,52.62823355],[13.24158677,52.62830278],[13.24168452,52.62831765]]},"geometry_name":"geom","properties":{"gisid":315,"objekt":"Politische Grenze"},"bbox":[13.24118082,52.62823355,13.24168452,52.62831765],"__layer":"c_politischegrenze"},{"type":"Feature","id":"c_politischegrenze.1337","geometry":{"type":"LineString","coordinates":[[13.42780299,52.50660773],[13.42716721,52.50572],[13.42668885,52.50584068],[13.42664611,52.50585146]]},"geometry_name":"geom","properties":{"gisid":1337,"objekt":"Politische Grenze"},"bbox":[13.42664611,52.50572,13.42780299,52.50660773],"__layer":"c_politischegrenze"},{"type":"Feature","id":"c_politischegrenze.1339","geometry":{"type":"LineString","coordinates":[[13.45339214,52.49752887],[13.45275461,52.49801158],[13.4527537,52.49824333],[13.45224082,52.49851463],[13.4521748,52.49850949],[13.45172789,52.498796],[13.45168636,52.49886143],[13.45145485,52.49895177],[13.45112463,52.49895632],[13.4507865,52.49887521],[13.45058073,52.49872377],[13.45028307,52.49884423],[13.45036499,52.49900054],[13.45033966,52.49914156],[13.44968603,52.49950836],[13.44888674,52.49970973],[13.44660463,52.50050578],[13.44451842,52.5014677],[13.44119699,52.50307268],[13.43854269,52.50401866],[13.43714131,52.50459782],[13.43617831,52.50521458],[13.43616285,52.505293],[13.43594296,52.50543107],[13.43590513,52.50543562],[13.43551846,52.50567032],[13.43445026,52.5061254],[13.43400284,52.50641537],[13.43204748,52.50740423],[13.43055484,52.50805699],[13.42933482,52.50861329]]},"geometry_name":"geom","properties":{"gisid":1339,"objekt":"Politische Grenze"},"bbox":[13.42933482,52.49752887,13.45339214,52.50861329],"__layer":"c_politischegrenze"},{"type":"Feature","id":"c_politischegrenze.1340","geometry":{"type":"LineString","coordinates":[[13.52180921,52.40730452],[13.5206212,52.40639748],[13.5207227,52.40631239],[13.51904162,52.40513387],[13.51928265,52.4049405],[13.51873884,52.40469222],[13.51670377,52.40335847],[13.51700889,52.40284768],[13.51601038,52.40218856],[13.51603976,52.40177466]]},"geometry_name":"geom","properties":{"gisid":1340,"objekt":"Politische Grenze"},"bbox":[13.51601038,52.40177466,13.52180921,52.40730452],"__layer":"c_politischegrenze"},{"type":"Feature","id":"c_politischegrenze.1341","geometry":{"type":"LineString","coordinates":[[13.41259352,52.37639912],[13.41283413,52.37688474],[13.40987908,52.37656528]]},"geometry_name":"geom","properties":{"gisid":1341,"objekt":"Politische Grenze"},"bbox":[13.40987908,52.37639912,13.41283413,52.37688474],"__layer":"c_politischegrenze"},{"type":"Feature","id":"c_politischegrenze.1342","geometry":{"type":"LineString","coordinates":[[13.34190357,52.41119755],[13.34330786,52.41172524],[13.34324648,52.41131816]]},"geometry_name":"geom","properties":{"gisid":1342,"objekt":"Politische Grenze"},"bbox":[13.34190357,52.41119755,13.34330786,52.41172524],"__layer":"c_politischegrenze"},{"type":"Feature","id":"c_politischegrenze.1343","geometry":{"type":"LineString","coordinates":[[13.24974849,52.40495864],[13.25019783,52.40514364],[13.25053679,52.4052768],[13.25104387,52.40545814],[13.2513707,52.40556978],[13.25167511,52.40566062],[13.25220521,52.40579364],[13.25269022,52.40591269],[13.25313032,52.40599703],[13.25362682,52.40609538],[13.25434937,52.40619443],[13.25484628,52.40624439],[13.25549012,52.4062948],[13.25611136,52.40634514],[13.256538,52.40637235],[13.25722017,52.40639376],[13.25783922,52.40641316],[13.25823586,52.40640017],[13.25880897,52.40636722],[13.25942356,52.40629326],[13.25980842,52.40622533],[13.26039959,52.40612032],[13.26085289,52.40600572],[13.26107677,52.40593201],[13.26137127,52.40585688],[13.26185876,52.40567866],[13.26211963,52.40556886],[13.26253924,52.40539734],[13.26310601,52.40519861],[13.26343491,52.40506137],[13.26400162,52.40486955],[13.2645113,52.40473978],[13.26496418,52.40464438],[13.26554166,52.40451481],[13.26620945,52.40439933],[13.26661684,52.40433836],[13.26704671,52.40429128],[13.26725015,52.4042919],[13.26783803,52.40427295],[13.2683581,52.40425378],[13.26899113,52.40424188],[13.26938681,52.40422925],[13.27007652,52.40419677],[13.27065287,52.40420542],[13.27100313,52.4042203],[13.27142103,52.40425612],[13.27198575,52.4043062],[13.27284305,52.40451615],[13.27391527,52.404706],[13.27467093,52.40490872],[13.27513333,52.40503452],[13.2758214,52.40520939],[13.28020194,52.40727537],[13.28041578,52.40739352],[13.28279751,52.40867729],[13.28881046,52.41206144],[13.29015028,52.41281828],[13.29039206,52.41299896],[13.29339592,52.41463853],[13.29456861,52.4152242],[13.29554158,52.41576027],[13.29597211,52.41591638],[13.29676646,52.41626454],[13.29697333,52.41598339],[13.29709009,52.41577243],[13.29707986,52.41542807],[13.29697993,52.41509912],[13.29675196,52.41477764],[13.29649694,52.41465171],[13.29588376,52.41450131]]},"geometry_name":"geom","properties":{"gisid":1343,"objekt":"Politische Grenze"},"bbox":[13.24974849,52.40419677,13.29709009,52.41626454],"__layer":"c_politischegrenze"},{"type":"Feature","id":"c_politischegrenze.1345","geometry":{"type":"LineString","coordinates":[[13.22535997,52.42080171],[13.22505645,52.42107485],[13.22369133,52.4206797],[13.22353858,52.42075356],[13.22132427,52.42009514],[13.21883561,52.41951012],[13.21792542,52.41926523],[13.21713553,52.41916952],[13.21616626,52.41873846],[13.21498412,52.41830664],[13.21404478,52.41793146],[13.2131642,52.41777962]]},"geometry_name":"geom","properties":{"gisid":1345,"objekt":"Politische Grenze"},"bbox":[13.2131642,52.41777962,13.22535997,52.42107485],"__layer":"c_politischegrenze"},{"type":"Feature","id":"c_politischegrenze.1346","geometry":{"type":"LineString","coordinates":[[13.1714113,52.39785836],[13.17089624,52.3977362],[13.17027819,52.39760621],[13.16977307,52.39750001],[13.16949387,52.39742633],[13.16897531,52.39734802],[13.16816886,52.39722623],[13.16756862,52.39718046],[13.16666354,52.39709427],[13.16606079,52.39703688],[13.16571786,52.39701686],[13.16511455,52.39696166],[13.16421626,52.39687946],[13.1628164,52.39673111],[13.16190612,52.39664299],[13.16028529,52.39651546],[13.15782981,52.39633447],[13.15789929,52.39722816],[13.15855805,52.39838981],[13.15933578,52.39950363],[13.15929083,52.40282359],[13.16800514,52.40574323],[13.16985446,52.40635406],[13.18089467,52.40993514],[13.19180566,52.4136265],[13.19743172,52.41552925],[13.19909055,52.41548275],[13.19953117,52.41542528],[13.20029073,52.41550241],[13.20190127,52.41563838],[13.2046968,52.41589013],[13.20712566,52.41632647],[13.21022205,52.41693248],[13.2131642,52.41777962]]},"geometry_name":"geom","properties":{"gisid":1346,"objekt":"Politische Grenze"},"bbox":[13.15782981,52.39633447,13.2131642,52.41777962],"__layer":"c_politischegrenze"},{"type":"Feature","id":"c_politischegrenze.1347","geometry":{"type":"LineString","coordinates":[[13.14031518,52.39622955],[13.14178393,52.39708115],[13.142004,52.39698159],[13.14326015,52.39725464],[13.14322596,52.3966266],[13.14357111,52.39635173]]},"geometry_name":"geom","properties":{"gisid":1347,"objekt":"Politische Grenze"},"bbox":[13.14031518,52.39622955,13.14357111,52.39725464],"__layer":"c_politischegrenze"},{"type":"Feature","id":"c_politischegrenze.1348","geometry":{"type":"LineString","coordinates":[[13.13043166,52.39032806],[13.13288518,52.38873928],[13.13336539,52.38862408],[13.13376108,52.38872619],[13.13404861,52.38871065]]},"geometry_name":"geom","properties":{"gisid":1348,"objekt":"Politische Grenze"},"bbox":[13.13043166,52.38862408,13.13404861,52.39032806],"__layer":"c_politischegrenze"},{"type":"Feature","id":"c_politischegrenze.1349","geometry":{"type":"LineString","coordinates":[[13.13325784,52.3872255],[13.13285945,52.38736616],[13.13221525,52.38746393],[13.13191385,52.38749616],[13.13154461,52.38747787],[13.1313285,52.3872258],[13.13126102,52.3871418]]},"geometry_name":"geom","properties":{"gisid":1349,"objekt":"Politische Grenze"},"bbox":[13.13126102,52.3871418,13.13325784,52.38749616],"__layer":"c_politischegrenze"},{"type":"Feature","id":"c_politischegrenze.1350","geometry":{"type":"LineString","coordinates":[[13.10638938,52.40871692],[13.107441,52.40856117],[13.10864925,52.40847787],[13.10949154,52.40802873],[13.10848776,52.40714822],[13.11000179,52.4062822],[13.11038836,52.40593468],[13.11100206,52.40538298],[13.11120684,52.40449236],[13.11137452,52.40433367],[13.11197062,52.40386566],[13.1125845,52.40367145],[13.11342461,52.40339947],[13.11432965,52.40307854],[13.11491143,52.40287433],[13.11570312,52.40261197],[13.11622006,52.40244685],[13.1169784,52.40228278],[13.11773708,52.40208916],[13.11791672,52.40186352],[13.11827565,52.40144177],[13.11877975,52.40099111],[13.11968967,52.40023513],[13.12030064,52.39977058],[13.12091102,52.39930645],[13.1218971,52.39860251],[13.12291777,52.39800637],[13.12416538,52.39726353],[13.12480381,52.39688262],[13.12523438,52.39665774],[13.12587939,52.39654234],[13.12621743,52.39653393],[13.12658699,52.39658471],[13.12697308,52.39659619],[13.12764771,52.39670733],[13.12868992,52.39704642],[13.13246971,52.39866687],[13.13352414,52.39936036],[13.13491622,52.3986377]]},"geometry_name":"geom","properties":{"gisid":1350,"objekt":"Politische Grenze"},"bbox":[13.10638938,52.39653393,13.13491622,52.40871692],"__layer":"c_politischegrenze"},{"type":"Feature","id":"c_politischegrenze.1351","geometry":{"type":"LineString","coordinates":[[13.11887456,52.44311197],[13.12000274,52.44144906],[13.1232045,52.43954988],[13.12313933,52.43870368],[13.1221386,52.43788398],[13.11719547,52.4361557],[13.11396488,52.43301715],[13.11210266,52.43232318],[13.11278733,52.42920158],[13.10801708,52.42666584],[13.10690678,52.42567024],[13.10594959,52.4254374],[13.10540244,52.42532068],[13.1045577,52.42401377],[13.1035321,52.42429883],[13.10190805,52.42458885],[13.10162061,52.42464854],[13.10139424,52.4248152],[13.10123073,52.42493641],[13.10096623,52.42516386],[13.09996543,52.42545662],[13.09936816,52.42536251],[13.098897,52.42514702],[13.09838864,52.42491612],[13.09830502,52.42461091],[13.09822022,52.42440477],[13.09802497,52.42405333],[13.09773244,52.42359244],[13.0959099,52.42201989],[13.08832939,52.41964016],[13.0902297,52.41304858],[13.09023259,52.41281085],[13.09025959,52.41258809],[13.09028857,52.41220189],[13.09060647,52.41167921],[13.09080694,52.41153559],[13.0921226,52.41124437],[13.09329694,52.41058102],[13.09740214,52.40943215],[13.09799217,52.40989746]]},"geometry_name":"geom","properties":{"gisid":1351,"objekt":"Politische Grenze"},"bbox":[13.08832939,52.40943215,13.1232045,52.44311197],"__layer":"c_politischegrenze"},{"type":"Feature","id":"c_politischegrenze.1352","geometry":{"type":"LineString","coordinates":[[13.11774914,52.47492723],[13.1177759,52.47465351],[13.11728417,52.47383428],[13.11698265,52.47297448],[13.11689664,52.47272925],[13.11684402,52.47257409],[13.1167404,52.47235025],[13.11648413,52.4720609],[13.11613438,52.47169187],[13.11422262,52.46966586],[13.11224125,52.46755303],[13.11146048,52.46671371],[13.11142917,52.46587866],[13.11139851,52.4649479],[13.11140255,52.46460202],[13.11137431,52.46398937],[13.11136697,52.4636074],[13.11148005,52.46301698],[13.11174117,52.46187232],[13.11230204,52.45930213],[13.11253482,52.4585609],[13.11264103,52.45754528],[13.11220604,52.45640479]]},"geometry_name":"geom","properties":{"gisid":1352,"objekt":"Politische Grenze"},"bbox":[13.11136697,52.45640479,13.1177759,52.47492723],"__layer":"c_politischegrenze"},{"type":"Feature","id":"c_politischegrenze.1353","geometry":{"type":"LineString","coordinates":[[13.13242922,52.57954685],[13.1319787,52.57983341],[13.13162773,52.58033358],[13.13127511,52.58097939],[13.1308373,52.58211029],[13.13043171,52.58273969],[13.13013583,52.58306209],[13.1298951,52.58320672],[13.12960233,52.58325403],[13.12915091,52.58323596],[13.12883322,52.58313753],[13.12840818,52.58313574],[13.12806283,52.58313429],[13.12790344,52.58313362],[13.12930627,52.585939],[13.1284019,52.58603229],[13.12891893,52.58729666]]},"geometry_name":"geom","properties":{"gisid":1353,"objekt":"Politische Grenze"},"bbox":[13.12790344,52.57954685,13.13242922,52.58729666],"__layer":"c_politischegrenze"},{"type":"Feature","id":"c_politischegrenze.1354","geometry":{"type":"LineString","coordinates":[[13.22107685,52.62828098],[13.22099681,52.6284223],[13.22107685,52.62828098],[13.22052074,52.62834365],[13.22063086,52.62793948],[13.22055423,52.6275994],[13.22024022,52.62704814],[13.22029805,52.6265467],[13.21975899,52.6244574],[13.21828815,52.62249434],[13.21671472,52.62014254],[13.21483534,52.61924602],[13.21360082,52.61763972],[13.21268282,52.6163096],[13.21213079,52.61564421],[13.21121089,52.61452444],[13.20666475,52.60897422],[13.20558709,52.60846118],[13.20523382,52.60832029],[13.20499488,52.6082444],[13.20434429,52.60803781],[13.20351285,52.6077979],[13.20306207,52.60768302],[13.20266446,52.60756832],[13.20218743,52.60742098],[13.20189693,52.60722575],[13.20166069,52.60691745],[13.20160988,52.60667454],[13.20158706,52.60628609],[13.20159019,52.60596247],[13.20164789,52.6054934],[13.20181269,52.60494381],[13.20205503,52.60462104],[13.20240493,52.6041692],[13.2029694,52.60364065],[13.20336965,52.60339416],[13.20396491,52.60292722],[13.20473841,52.60232043],[13.20529804,52.60181697],[13.20602258,52.60109136],[13.20757122,52.5996003],[13.20829041,52.59903407],[13.20884348,52.59859857],[13.20961378,52.5979486],[13.21143292,52.59667662],[13.21420949,52.59531086],[13.21527816,52.59469967],[13.21589236,52.59437816],[13.21681951,52.59383761],[13.21737538,52.59343952],[13.21805856,52.59289692],[13.21862272,52.59223541],[13.21911105,52.5911529],[13.21801573,52.58893221],[13.21736523,52.5874574],[13.21374696,52.58797885]]},"geometry_name":"geom","properties":{"gisid":1354,"objekt":"Politische Grenze"},"bbox":[13.20158706,52.5874574,13.22107685,52.6284223],"__layer":"c_politischegrenze"},{"type":"Feature","id":"c_politischegrenze.1355","geometry":{"type":"LineString","coordinates":[[13.34306511,52.62334836],[13.34298476,52.62336648],[13.34291923,52.62341972],[13.34281108,52.62347286],[13.34267868,52.62339778],[13.3426024,52.62335609],[13.34242619,52.62335574],[13.34231066,52.62331604],[13.34222848,52.6232304],[13.34212324,52.62322099],[13.3419924,52.62329239],[13.34192727,52.6232846],[13.34183604,52.62328243],[13.34171797,52.62327316],[13.34154032,52.62334462],[13.34147099,52.62330359],[13.34136703,52.62328663],[13.34111731,52.62327046],[13.34102337,52.62325102],[13.3409527,52.62323636],[13.34067015,52.62318977],[13.34056679,52.62320358],[13.34048329,52.62317576],[13.34034513,52.62321594],[13.34013783,52.62330529],[13.33997456,52.62326908],[13.33985734,52.62329563],[13.33971897,52.62332719],[13.33957678,52.62328872],[13.33947734,52.62326182],[13.33947104,52.62320229],[13.33937433,52.62317184],[13.33927546,52.62314066],[13.3391981,52.62311521],[13.3390938,52.62313911],[13.33901229,52.6231578],[13.3390066,52.62320446],[13.33893526,52.62323483],[13.33884146,52.62327476],[13.33877254,52.62332281],[13.33866338,52.62330195],[13.33854231,52.62327881],[13.33853281,52.62320275],[13.33851223,52.62312649],[13.33849091,52.62304757],[13.33836839,52.62293258],[13.33817644,52.62293212],[13.33795466,52.62297469],[13.33778199,52.62298642],[13.33762747,52.62299688],[13.33752569,52.62297624],[13.33739721,52.62292299],[13.33730432,52.6228845],[13.33721717,52.62285789],[13.33697409,52.62284151],[13.33683875,52.62281324],[13.33678614,52.62280223],[13.33675388,52.6227952],[13.33671288,52.62277225],[13.33664874,52.62273638],[13.33667018,52.62269208],[13.33662063,52.62264848],[13.33573944,52.62303398],[13.33411087,52.62368594],[13.33282283,52.62419494],[13.33252854,52.62404145],[13.33206012,52.62422752]]},"geometry_name":"geom","properties":{"gisid":1355,"objekt":"Politische Grenze"},"bbox":[13.33206012,52.62264848,13.34306511,52.62422752],"__layer":"c_politischegrenze"},{"type":"Feature","id":"c_politischegrenze.1356","geometry":{"type":"LineString","coordinates":[[13.35920306,52.62332464],[13.35911838,52.62327013],[13.35892227,52.62336798],[13.35882608,52.62340074],[13.35868148,52.62340042],[13.35855911,52.623386],[13.3584717,52.62337472],[13.358404,52.62332542],[13.35842613,52.62318062],[13.3583924,52.62313658],[13.35829474,52.62312084],[13.35815801,52.62323951],[13.35806832,52.62330914],[13.35794091,52.62329333],[13.3577589,52.62317135],[13.35773022,52.6229954],[13.35759439,52.62296664],[13.35740688,52.62304898],[13.35723808,52.6231705],[13.35700032,52.6231855],[13.35690479,52.62313837],[13.35673079,52.62309659],[13.35653942,52.62311426],[13.35640322,52.62317192],[13.35633897,52.62322502],[13.35627062,52.62328177],[13.35621976,52.62325838],[13.35608175,52.62320546],[13.35596949,52.62317762],[13.3557568,52.62322383],[13.35561556,52.62336563],[13.35539426,52.62341168],[13.3552288,52.6234667],[13.35512146,52.6235378],[13.35500207,52.6235996],[13.35492545,52.62361753],[13.35474267,52.6236197],[13.35457266,52.62361931],[13.35444973,52.62356729],[13.35444625,52.62344313],[13.35439406,52.62338547],[13.3542639,52.62337546],[13.3540469,52.62341376],[13.35388927,52.62347289],[13.3537914,52.62349077],[13.35365126,52.62347234],[13.35354091,52.62344622],[13.35340101,52.62338899],[13.35332922,52.62331382],[13.35321452,52.62330579],[13.35304393,52.62339851],[13.35292086,52.62336719],[13.35284073,52.6232856],[13.3528069,52.62324019],[13.35270945,52.62319082],[13.3525694,52.62315687],[13.35245495,52.62310746],[13.35243399,52.62306085],[13.35254991,52.62287489],[13.35247365,52.62283592],[13.35226982,52.62280699],[13.35218837,52.62291802],[13.35214099,52.62301879],[13.35206856,52.62304707],[13.35178397,52.62301796],[13.35165651,52.62300991],[13.35162069,52.62290229],[13.35159828,52.62280802],[13.35151355,52.62276385],[13.35144996,52.62273784],[13.35132872,52.6227484],[13.35128796,52.62285206],[13.35103061,52.62390728],[13.348225,52.62371915],[13.34640775,52.62364773],[13.34542217,52.62368812],[13.34395235,52.62378227],[13.34388269,52.62369971],[13.3438103,52.62364919],[13.3437628,52.62362772],[13.34365792,52.62358596],[13.34362285,52.62355872],[13.34356785,52.62353418],[13.34351299,52.62348827],[13.34347053,52.62346224],[13.3433713,52.62348195],[13.3432774,52.62347398],[13.34320479,52.62346007],[13.34311256,52.62337746],[13.34306511,52.62334836]]},"geometry_name":"geom","properties":{"gisid":1356,"objekt":"Politische Grenze"},"bbox":[13.34306511,52.62273784,13.35920306,52.62390728],"__layer":"c_politischegrenze"},{"type":"Feature","id":"c_politischegrenze.1357","geometry":{"type":"LineString","coordinates":[[13.38836581,52.56953284],[13.38786846,52.56916142],[13.38922391,52.56837772]]},"geometry_name":"geom","properties":{"gisid":1357,"objekt":"Politische Grenze"},"bbox":[13.38786846,52.56837772,13.38922391,52.56953284],"__layer":"c_politischegrenze"},{"type":"Feature","id":"c_politischegrenze.1358","geometry":{"type":"LineString","coordinates":[[13.37691093,52.51940976],[13.37689626,52.5196602],[13.37644414,52.51997435],[13.37624547,52.52011254],[13.37613464,52.52044067],[13.37608697,52.52063216],[13.37604692,52.52079315],[13.37597366,52.5211853],[13.37578652,52.52148385],[13.37544006,52.5218467],[13.37516492,52.52197007],[13.3748574,52.52215038],[13.37456249,52.52232323],[13.37401882,52.52253045],[13.37342174,52.52270692],[13.37281191,52.52279449],[13.37163283,52.52282428],[13.37166161,52.52471498],[13.37167453,52.52477156],[13.37093009,52.52522242],[13.37094875,52.52657176],[13.37333328,52.52656881],[13.37359711,52.52676329],[13.37370216,52.5269251],[13.37378053,52.52711918],[13.37379271,52.52730504],[13.37375176,52.52751502],[13.37379449,52.52762371],[13.37374047,52.52768903],[13.37366962,52.52778512],[13.37353007,52.52797449],[13.37336358,52.52811086],[13.37314508,52.52831027],[13.37283761,52.52859079],[13.37258652,52.52871561],[13.37228854,52.5289999],[13.37176859,52.52949598],[13.37148684,52.52974613],[13.37102013,52.53024816],[13.37082028,52.53044163],[13.37071349,52.53057876],[13.37053985,52.53082077],[13.37003231,52.5315226],[13.36895189,52.53276452],[13.36845888,52.53324014],[13.36827325,52.53326398],[13.36584787,52.53562599],[13.36650903,52.53585368]]},"geometry_name":"geom","properties":{"gisid":1358,"objekt":"Politische Grenze"},"bbox":[13.36584787,52.51940976,13.37691093,52.53585368],"__layer":"c_politischegrenze"},{"type":"Feature","id":"c_politischegrenze.1361","geometry":{"type":"LineString","coordinates":[[13.24974849,52.40495864],[13.24972353,52.40516441],[13.24923965,52.40808746],[13.24882306,52.40836479],[13.24902043,52.40950535],[13.24904692,52.41125334],[13.24891269,52.41241819],[13.24852665,52.4139622],[13.24810002,52.41540476],[13.24788637,52.41616403],[13.24742851,52.41734854]]},"geometry_name":"geom","properties":{"gisid":1361,"objekt":"Politische Grenze"},"bbox":[13.24742851,52.40495864,13.24974849,52.41734854],"__layer":"c_politischegrenze"},{"type":"Feature","id":"c_politischegrenze.1366","geometry":{"type":"LineString","coordinates":[[13.30722662,52.63752357],[13.30578791,52.63726117],[13.30617603,52.63666905]]},"geometry_name":"geom","properties":{"gisid":1366,"objekt":"Politische Grenze"},"bbox":[13.30578791,52.63666905,13.30722662,52.63752357],"__layer":"c_politischegrenze"},{"type":"Feature","id":"c_politischegrenze.1367","geometry":{"type":"LineString","coordinates":[[13.38924142,52.56821167],[13.38848419,52.56772067],[13.38909381,52.5674044],[13.38884034,52.56714137],[13.3889544,52.56700189],[13.39067497,52.56602627],[13.39064399,52.5657803],[13.39101391,52.56562229],[13.39140468,52.56561248],[13.39321263,52.56448893],[13.39434674,52.56349897],[13.39500184,52.56277264],[13.39548227,52.56223119],[13.39589722,52.56175574],[13.39615987,52.56134615],[13.3963139,52.56094957],[13.39642431,52.5605926],[13.39653478,52.56022239],[13.39664595,52.5597199],[13.39682278,52.55911169],[13.39693387,52.55862243],[13.39708844,52.55812002],[13.39709196,52.55744533],[13.39713938,52.55667813],[13.39718569,52.55612259],[13.39727534,52.55558036],[13.39754048,52.55468129],[13.39776235,52.55375567],[13.39796167,52.55298876],[13.39796429,52.55248605],[13.39781532,52.55191691],[13.39766513,52.55158588],[13.39742819,52.55124146],[13.39677988,52.55071104],[13.39736233,52.55081325],[13.39735652,52.55080858],[13.39884078,52.55087377]]},"geometry_name":"geom","properties":{"gisid":1367,"objekt":"Politische Grenze"},"bbox":[13.38848419,52.55071104,13.39884078,52.56821167],"__layer":"c_politischegrenze"}],"retrievedAt":"2026-08-01T11:30:44.753Z","sourceUrl":"https://gdi.berlin.de/services/wfs/berlinermauer"}